qa_1,qa_2,prediction
 In which month was the attack on Hiroshima and Nagasaki? Answers: In which month was the Japanese attack on Pearl Harbor? Answers: In which month was the attack on Hiroshima and Nagasaki? Answers: In which month was the attack on Hiroshima and Nagasaki? Answers: In which month was the attack on Hiroshima and Nagasaki? Answers: In which month was the attack on Hiroshima and Nagasaki? Answers: In which month was the attack on Hiroshima and Nagasaki? Answers: In which month was the attack on Hiroshima and Nagasaki? Answers: In which month was the attack on Hiroshima and Nagasaki? Answers: In which month was the attack on Hiroshima and Nagasaki? Answers: In which month was the attack on Hiroshima and Nagasaki? Answers: In which month was the attack on Hiroshima and Nagasaki? Answers: In which month was the attack on Hiroshima and Nagasaki? Answers: In which month was the attack on Hiroshima and Nagasaki? Answers: In which month was the attack on Hiroshima and Nagasaki? Answers: In which month was the attack on Hiroshima and Nagasaki? Answers: In which month was the attack on Hiroshima and Nagasaki? Answers: In which month was the attack on Hiroshima and Nagasaki? Answers: In which month was the," September 11th, 1941, when the USS Arizona was attacked by the United States Navy at Pearl Harbor, Hawaii, and the USS Liberty was attacked by the United States Navy at Pearl Harbor, Hawaii, on September 11th, 1941, when the USS Arizona was attacked by the United States Navy at Pearl Harbor, Hawaii, and the USS Liberty was attacked by the United States Navy at Pearl Harbor, Hawaii, on September 11th, 1941, when the USS Arizona was attacked by the United States Navy at Pearl Harbor, Hawaii, and the USS Liberty was attacked by the United States Navy at Pearl Harbor, Hawaii, on September 11th, 1941, when the USS Arizona was attacked by the United States Navy at Pearl Harbor, Hawaii, and the USS Liberty was attacked by the United States Navy at Pearl Harbor, Hawaii, on September 11th, 1941, when the USS Arizona was attacked by the United States Navy at Pearl Harbor, Hawaii, and the USS Liberty was attacked by the United States Navy at Pearl Harbor, Hawaii, on September 11th, 1941, when the USS Arizona was attacked by the United States Navy at Pearl Harbor, Hawaii, and the USS Liberty was attacked by the United States Navy at Pearl Harbor, Hawaii, on September 11th, 1941, when the USS Arizona",1
 In which month was the attack on Hiroshima and Nagasaki? Answers: In which month was the Japanese attack on Pearl Harbor? Answers: In which month was the attack on Hiroshima and Nagasaki? Answers: In which month was the attack on Hiroshima and Nagasaki? Answers: In which month was the attack on Hiroshima and Nagasaki? Answers: In which month was the attack on Hiroshima and Nagasaki? Answers: In which month was the attack on Hiroshima and Nagasaki? Answers: In which month was the attack on Hiroshima and Nagasaki? Answers: In which month was the attack on Hiroshima and Nagasaki? Answers: In which month was the attack on Hiroshima and Nagasaki? Answers: In which month was the attack on Hiroshima and Nagasaki? Answers: In which month was the attack on Hiroshima and Nagasaki? Answers: In which month was the attack on Hiroshima and Nagasaki? Answers: In which month was the attack on Hiroshima and Nagasaki? Answers: In which month was the attack on Hiroshima and Nagasaki? Answers: In which month was the attack on Hiroshima and Nagasaki? Answers: In which month was the attack on Hiroshima and Nagasaki? Answers: In which month was the attack on Hiroshima and Nagasaki? Answers: In which month was the," On the eve of the attack on Pearl Harbor, on the eve of the attack on Pearl Harbor, on the eve of the attack on Pearl Harbor, on the eve of the attack on Pearl Harbor, on the eve of the attack on Pearl Harbor, on the eve of the attack on Pearl Harbor, on the eve of the attack on Pearl Harbor, on the eve of the attack on Pearl Harbor, on the eve of the attack on Pearl Harbor, on the eve of the attack on Pearl Harbor, on the eve of the attack on Pearl Harbor, on the eve of the attack on Pearl Harbor, on the eve of the attack on Pearl Harbor, on the eve of the attack on Pearl Harbor, on the eve of the attack on Pearl Harbor, on the eve of the attack on Pearl Harbor, on the eve of the attack on Pearl Harbor, on the eve of the attack on Pearl Harbor, on the eve of the attack on Pearl Harbor, on the eve of the attack on Pearl Harbor, on the eve of the attack on Pearl Harbor, on the eve of the attack on Pearl Harbor, on the eve of the attack on Pearl Harbor, on the eve of the attack on Pearl Harbor, on the eve of the attack on Pearl Harbor, on the eve of the attack",1
 In which month was the attack on Hiroshima and Nagasaki? Answers: In which month was the Japanese attack on Pearl Harbor? Answers: In which month was the attack on Hiroshima and Nagasaki? Answers: In which month was the attack on Hiroshima and Nagasaki? Answers: In which month was the attack on Hiroshima and Nagasaki? Answers: In which month was the attack on Hiroshima and Nagasaki? Answers: In which month was the attack on Hiroshima and Nagasaki? Answers: In which month was the attack on Hiroshima and Nagasaki? Answers: In which month was the attack on Hiroshima and Nagasaki? Answers: In which month was the attack on Hiroshima and Nagasaki? Answers: In which month was the attack on Hiroshima and Nagasaki? Answers: In which month was the attack on Hiroshima and Nagasaki? Answers: In which month was the attack on Hiroshima and Nagasaki? Answers: In which month was the attack on Hiroshima and Nagasaki? Answers: In which month was the attack on Hiroshima and Nagasaki? Answers: In which month was the attack on Hiroshima and Nagasaki? Answers: In which month was the attack on Hiroshima and Nagasaki? Answers: In which month was the attack on Hiroshima and Nagasaki? Answers: In which month was the," December 7, 1941 (the anniversary of the attack on Pearl Harbor) ",1
 In which month was the attack on Hiroshima and Nagasaki? Answers: In which month was the Japanese attack on Pearl Harbor? Answers: In which month was the attack on Hiroshima and Nagasaki? Answers: In which month was the attack on Hiroshima and Nagasaki? Answers: In which month was the attack on Hiroshima and Nagasaki? Answers: In which month was the attack on Hiroshima and Nagasaki? Answers: In which month was the attack on Hiroshima and Nagasaki? Answers: In which month was the attack on Hiroshima and Nagasaki? Answers: In which month was the attack on Hiroshima and Nagasaki? Answers: In which month was the attack on Hiroshima and Nagasaki? Answers: In which month was the attack on Hiroshima and Nagasaki? Answers: In which month was the attack on Hiroshima and Nagasaki? Answers: In which month was the attack on Hiroshima and Nagasaki? Answers: In which month was the attack on Hiroshima and Nagasaki? Answers: In which month was the attack on Hiroshima and Nagasaki? Answers: In which month was the attack on Hiroshima and Nagasaki? Answers: In which month was the attack on Hiroshima and Nagasaki? Answers: In which month was the attack on Hiroshima and Nagasaki? Answers: In which month was the, In which month was the attack on Hiroshima and Nagasaki? Answers: In which month was the attack on Hiroshima and Nagasaki? Answers: In which month was the attack on Hiroshima and Nagasaki? Answers: In which month was the attack on Hiroshima and Nagasaki? Answers: In which month was the attack on Hiroshima and Nagasaki? Answers: In which month was the attack on Hiroshima and Nagasaki? Answers: In which month was the attack on Hiroshima and Nagasaki? Answers: In which month was the attack on Hiroshima and Nagasaki? Answers: In which month was the attack on Hiroshima and Nagasaki? Answers: In which month was the attack on Hiroshima and Nagasaki? Answers: In which month was the attack on Hiroshima and Nagasaki? Answers: In which month was the attack on Hiroshima and Nagasaki? Answers: In which month was the attack on Hiroshima and Nagasaki? Answers: In which month was the attack on Hiroshima and Nagasaki? Answers: In which month was the attack on Hiroshima and Nagasaki? Answers: In which month was the attack on Hiroshima and Nagasaki? Answers: In which month was the attack on Hiroshima and Nagasaki? Answers: In which month was the attack on Hiroshima and Nagasaki? Answers: In which month was,1
" September 11th, 1941, when the USS Arizona was attacked by the United States Navy at Pearl Harbor, Hawaii, and the USS Liberty was attacked by the United States Navy at Pearl Harbor, Hawaii, on September 11th, 1941, when the USS Arizona was attacked by the United States Navy at Pearl Harbor, Hawaii, and the USS Liberty was attacked by the United States Navy at Pearl Harbor, Hawaii, on September 11th, 1941, when the USS Arizona was attacked by the United States Navy at Pearl Harbor, Hawaii, and the USS Liberty was attacked by the United States Navy at Pearl Harbor, Hawaii, on September 11th, 1941, when the USS Arizona was attacked by the United States Navy at Pearl Harbor, Hawaii, and the USS Liberty was attacked by the United States Navy at Pearl Harbor, Hawaii, on September 11th, 1941, when the USS Arizona was attacked by the United States Navy at Pearl Harbor, Hawaii, and the USS Liberty was attacked by the United States Navy at Pearl Harbor, Hawaii, on September 11th, 1941, when the USS Arizona was attacked by the United States Navy at Pearl Harbor, Hawaii, and the USS Liberty was attacked by the United States Navy at Pearl Harbor, Hawaii, on September 11th, 1941, when the USS Arizona"," On the eve of the attack on Pearl Harbor, on the eve of the attack on Pearl Harbor, on the eve of the attack on Pearl Harbor, on the eve of the attack on Pearl Harbor, on the eve of the attack on Pearl Harbor, on the eve of the attack on Pearl Harbor, on the eve of the attack on Pearl Harbor, on the eve of the attack on Pearl Harbor, on the eve of the attack on Pearl Harbor, on the eve of the attack on Pearl Harbor, on the eve of the attack on Pearl Harbor, on the eve of the attack on Pearl Harbor, on the eve of the attack on Pearl Harbor, on the eve of the attack on Pearl Harbor, on the eve of the attack on Pearl Harbor, on the eve of the attack on Pearl Harbor, on the eve of the attack on Pearl Harbor, on the eve of the attack on Pearl Harbor, on the eve of the attack on Pearl Harbor, on the eve of the attack on Pearl Harbor, on the eve of the attack on Pearl Harbor, on the eve of the attack on Pearl Harbor, on the eve of the attack on Pearl Harbor, on the eve of the attack on Pearl Harbor, on the eve of the attack on Pearl Harbor, on the eve of the attack",1
" September 11th, 1941, when the USS Arizona was attacked by the United States Navy at Pearl Harbor, Hawaii, and the USS Liberty was attacked by the United States Navy at Pearl Harbor, Hawaii, on September 11th, 1941, when the USS Arizona was attacked by the United States Navy at Pearl Harbor, Hawaii, and the USS Liberty was attacked by the United States Navy at Pearl Harbor, Hawaii, on September 11th, 1941, when the USS Arizona was attacked by the United States Navy at Pearl Harbor, Hawaii, and the USS Liberty was attacked by the United States Navy at Pearl Harbor, Hawaii, on September 11th, 1941, when the USS Arizona was attacked by the United States Navy at Pearl Harbor, Hawaii, and the USS Liberty was attacked by the United States Navy at Pearl Harbor, Hawaii, on September 11th, 1941, when the USS Arizona was attacked by the United States Navy at Pearl Harbor, Hawaii, and the USS Liberty was attacked by the United States Navy at Pearl Harbor, Hawaii, on September 11th, 1941, when the USS Arizona was attacked by the United States Navy at Pearl Harbor, Hawaii, and the USS Liberty was attacked by the United States Navy at Pearl Harbor, Hawaii, on September 11th, 1941, when the USS Arizona"," December 7, 1941 (the anniversary of the attack on Pearl Harbor) ",0
" September 11th, 1941, when the USS Arizona was attacked by the United States Navy at Pearl Harbor, Hawaii, and the USS Liberty was attacked by the United States Navy at Pearl Harbor, Hawaii, on September 11th, 1941, when the USS Arizona was attacked by the United States Navy at Pearl Harbor, Hawaii, and the USS Liberty was attacked by the United States Navy at Pearl Harbor, Hawaii, on September 11th, 1941, when the USS Arizona was attacked by the United States Navy at Pearl Harbor, Hawaii, and the USS Liberty was attacked by the United States Navy at Pearl Harbor, Hawaii, on September 11th, 1941, when the USS Arizona was attacked by the United States Navy at Pearl Harbor, Hawaii, and the USS Liberty was attacked by the United States Navy at Pearl Harbor, Hawaii, on September 11th, 1941, when the USS Arizona was attacked by the United States Navy at Pearl Harbor, Hawaii, and the USS Liberty was attacked by the United States Navy at Pearl Harbor, Hawaii, on September 11th, 1941, when the USS Arizona was attacked by the United States Navy at Pearl Harbor, Hawaii, and the USS Liberty was attacked by the United States Navy at Pearl Harbor, Hawaii, on September 11th, 1941, when the USS Arizona", In which month was the attack on Hiroshima and Nagasaki? Answers: In which month was the attack on Hiroshima and Nagasaki? Answers: In which month was the attack on Hiroshima and Nagasaki? Answers: In which month was the attack on Hiroshima and Nagasaki? Answers: In which month was the attack on Hiroshima and Nagasaki? Answers: In which month was the attack on Hiroshima and Nagasaki? Answers: In which month was the attack on Hiroshima and Nagasaki? Answers: In which month was the attack on Hiroshima and Nagasaki? Answers: In which month was the attack on Hiroshima and Nagasaki? Answers: In which month was the attack on Hiroshima and Nagasaki? Answers: In which month was the attack on Hiroshima and Nagasaki? Answers: In which month was the attack on Hiroshima and Nagasaki? Answers: In which month was the attack on Hiroshima and Nagasaki? Answers: In which month was the attack on Hiroshima and Nagasaki? Answers: In which month was the attack on Hiroshima and Nagasaki? Answers: In which month was the attack on Hiroshima and Nagasaki? Answers: In which month was the attack on Hiroshima and Nagasaki? Answers: In which month was the attack on Hiroshima and Nagasaki? Answers: In which month was,1
" On the eve of the attack on Pearl Harbor, on the eve of the attack on Pearl Harbor, on the eve of the attack on Pearl Harbor, on the eve of the attack on Pearl Harbor, on the eve of the attack on Pearl Harbor, on the eve of the attack on Pearl Harbor, on the eve of the attack on Pearl Harbor, on the eve of the attack on Pearl Harbor, on the eve of the attack on Pearl Harbor, on the eve of the attack on Pearl Harbor, on the eve of the attack on Pearl Harbor, on the eve of the attack on Pearl Harbor, on the eve of the attack on Pearl Harbor, on the eve of the attack on Pearl Harbor, on the eve of the attack on Pearl Harbor, on the eve of the attack on Pearl Harbor, on the eve of the attack on Pearl Harbor, on the eve of the attack on Pearl Harbor, on the eve of the attack on Pearl Harbor, on the eve of the attack on Pearl Harbor, on the eve of the attack on Pearl Harbor, on the eve of the attack on Pearl Harbor, on the eve of the attack on Pearl Harbor, on the eve of the attack on Pearl Harbor, on the eve of the attack on Pearl Harbor, on the eve of the attack"," December 7, 1941 (the anniversary of the attack on Pearl Harbor) ",1
" On the eve of the attack on Pearl Harbor, on the eve of the attack on Pearl Harbor, on the eve of the attack on Pearl Harbor, on the eve of the attack on Pearl Harbor, on the eve of the attack on Pearl Harbor, on the eve of the attack on Pearl Harbor, on the eve of the attack on Pearl Harbor, on the eve of the attack on Pearl Harbor, on the eve of the attack on Pearl Harbor, on the eve of the attack on Pearl Harbor, on the eve of the attack on Pearl Harbor, on the eve of the attack on Pearl Harbor, on the eve of the attack on Pearl Harbor, on the eve of the attack on Pearl Harbor, on the eve of the attack on Pearl Harbor, on the eve of the attack on Pearl Harbor, on the eve of the attack on Pearl Harbor, on the eve of the attack on Pearl Harbor, on the eve of the attack on Pearl Harbor, on the eve of the attack on Pearl Harbor, on the eve of the attack on Pearl Harbor, on the eve of the attack on Pearl Harbor, on the eve of the attack on Pearl Harbor, on the eve of the attack on Pearl Harbor, on the eve of the attack on Pearl Harbor, on the eve of the attack", In which month was the attack on Hiroshima and Nagasaki? Answers: In which month was the attack on Hiroshima and Nagasaki? Answers: In which month was the attack on Hiroshima and Nagasaki? Answers: In which month was the attack on Hiroshima and Nagasaki? Answers: In which month was the attack on Hiroshima and Nagasaki? Answers: In which month was the attack on Hiroshima and Nagasaki? Answers: In which month was the attack on Hiroshima and Nagasaki? Answers: In which month was the attack on Hiroshima and Nagasaki? Answers: In which month was the attack on Hiroshima and Nagasaki? Answers: In which month was the attack on Hiroshima and Nagasaki? Answers: In which month was the attack on Hiroshima and Nagasaki? Answers: In which month was the attack on Hiroshima and Nagasaki? Answers: In which month was the attack on Hiroshima and Nagasaki? Answers: In which month was the attack on Hiroshima and Nagasaki? Answers: In which month was the attack on Hiroshima and Nagasaki? Answers: In which month was the attack on Hiroshima and Nagasaki? Answers: In which month was the attack on Hiroshima and Nagasaki? Answers: In which month was the attack on Hiroshima and Nagasaki? Answers: In which month was,1
" December 7, 1941 (the anniversary of the attack on Pearl Harbor) ", In which month was the attack on Hiroshima and Nagasaki? Answers: In which month was the attack on Hiroshima and Nagasaki? Answers: In which month was the attack on Hiroshima and Nagasaki? Answers: In which month was the attack on Hiroshima and Nagasaki? Answers: In which month was the attack on Hiroshima and Nagasaki? Answers: In which month was the attack on Hiroshima and Nagasaki? Answers: In which month was the attack on Hiroshima and Nagasaki? Answers: In which month was the attack on Hiroshima and Nagasaki? Answers: In which month was the attack on Hiroshima and Nagasaki? Answers: In which month was the attack on Hiroshima and Nagasaki? Answers: In which month was the attack on Hiroshima and Nagasaki? Answers: In which month was the attack on Hiroshima and Nagasaki? Answers: In which month was the attack on Hiroshima and Nagasaki? Answers: In which month was the attack on Hiroshima and Nagasaki? Answers: In which month was the attack on Hiroshima and Nagasaki? Answers: In which month was the attack on Hiroshima and Nagasaki? Answers: In which month was the attack on Hiroshima and Nagasaki? Answers: In which month was the attack on Hiroshima and Nagasaki? Answers: In which month was,1
 The Rock and Roll Hall of Fame and Museum in New York City7 , The United States of America ,0
 The Rock and Roll Hall of Fame and Museum in New York City7 ," The Rolling Stones, who released their first album in 19697 ",0
 The Rock and Roll Hall of Fame and Museum in New York City7 , The Beatles ,0
 The Rock and Roll Hall of Fame and Museum in New York City7 , The Beatles,0
 The United States of America ," The Rolling Stones, who released their first album in 19697 ",0
 The United States of America , The Beatles ,0
 The United States of America , The Beatles,0
" The Rolling Stones, who released their first album in 19697 ", The Beatles ,0
" The Rolling Stones, who released their first album in 19697 ", The Beatles,0
 The Beatles , The Beatles,1
 Chernobyl was the first nuclear power plant in the world to be shut down, The world was first aware of the Chernobyl disaster after detectors were triggered at a nuclear plant in which country? The world was first aware of the Chernobyl disaster after detectors were triggered at a nuclear plant in which country? The world was first aware of the Chernobyl disaster after detectors were triggered at a nuclear plant in which country? The world was first aware of the Chernobyl disaster after detectors were triggered at a nuclear plant in which country? The world was first aware of the Chernobyl disaster after detectors were triggered at a nuclear plant in which country? The world was first aware of the Chernobyl disaster after detectors were triggered at a nuclear plant in which country? The world was first aware of the Chernobyl disaster after detectors were triggered at a nuclear plant in which country? The world was first aware of the Chernobyl disaster after detectors were triggered at a nuclear plant in which country? The world was first aware of the Chernobyl disaster after detectors were triggered at a nuclear plant in which country? The world was first aware of the Chernobyl disaster after detectors were triggered at a nuclear plant in which country? The world was first aware of the Chernobyl disaster after detectors were triggered at a nuclear plant in which country? The world was first aware of the Chernobyl disaster after detectors were triggered,1
 Chernobyl was the first nuclear power plant in the world to be shut down, Japan ,1
 The world was first aware of the Chernobyl disaster after detectors were triggered at a nuclear plant in which country? The world was first aware of the Chernobyl disaster after detectors were triggered at a nuclear plant in which country? The world was first aware of the Chernobyl disaster after detectors were triggered at a nuclear plant in which country? The world was first aware of the Chernobyl disaster after detectors were triggered at a nuclear plant in which country? The world was first aware of the Chernobyl disaster after detectors were triggered at a nuclear plant in which country? The world was first aware of the Chernobyl disaster after detectors were triggered at a nuclear plant in which country? The world was first aware of the Chernobyl disaster after detectors were triggered at a nuclear plant in which country? The world was first aware of the Chernobyl disaster after detectors were triggered at a nuclear plant in which country? The world was first aware of the Chernobyl disaster after detectors were triggered at a nuclear plant in which country? The world was first aware of the Chernobyl disaster after detectors were triggered at a nuclear plant in which country? The world was first aware of the Chernobyl disaster after detectors were triggered at a nuclear plant in which country? The world was first aware of the Chernobyl disaster after detectors were triggered, Japan ,1
" Northumberland, Northumberland, Northumberland, Northumberland, Northumberland, Northumberland, Northumberland, Northumberland, Northumberland, Northumberland, Northumberland, Northumberland, Northumberland, Northumberland, Northumberland, Northumberland, Northumberland, Northumberland, Northumberland, Northumberland, Northumberland, Northumberland, Northumberland, Northumberland, Northumberland, Northumberland, Northumberland, Northumberland, Northumberland, Northumberland, Northumberland, Northumberland, Northumberland, Northumberland, Northumberland, Northumberland, Northumberland, Northumberland, Northumberland, Northumberland, Northumberland, Northumberland, Northumberland, Northumberland, Northumberland, Northumberland, Northumberland, Northumberland, Northumberland, Northumberland, Northumberland, Northumberland, Northumberland, Northumberland, Northumberland, Northumberland, Northumberland, Northumberland, Northumberland, Northumberland, Northumberland, Northumberland, Northumberland, Northumberland,", London: London: London: London: London: London: London: London: London: London: London: London: London: London: London: London: London: London: London: London: London: London: London: London: London: London: London: London: London: London: London: London: London: London: London: London: London: London: London: London: London: London: London: London: London: London: London: London: London: London: London: London: London: London: London: London: London: London: London: London: London: London: London: London: London: London: London: London: London: London: London: London: London: London: London: London: London: London: London: London: London: London: London: London: London: London: London: London: London: London: London: London: London: London: London: London: London: London: London: London: London: London: London: London: London: London: London: London: London: London: London: London: London: London: London: London: London: London: London: London: London: London: London: London: London: London: London: London:,1
" Northumberland, Northumberland, Northumberland, Northumberland, Northumberland, Northumberland, Northumberland, Northumberland, Northumberland, Northumberland, Northumberland, Northumberland, Northumberland, Northumberland, Northumberland, Northumberland, Northumberland, Northumberland, Northumberland, Northumberland, Northumberland, Northumberland, Northumberland, Northumberland, Northumberland, Northumberland, Northumberland, Northumberland, Northumberland, Northumberland, Northumberland, Northumberland, Northumberland, Northumberland, Northumberland, Northumberland, Northumberland, Northumberland, Northumberland, Northumberland, Northumberland, Northumberland, Northumberland, Northumberland, Northumberland, Northumberland, Northumberland, Northumberland, Northumberland, Northumberland, Northumberland, Northumberland, Northumberland, Northumberland, Northumberland, Northumberland, Northumberland, Northumberland, Northumberland, Northumberland, Northumberland, Northumberland, Northumberland, Northumberland,", Northumberland ,1
" Northumberland, Northumberland, Northumberland, Northumberland, Northumberland, Northumberland, Northumberland, Northumberland, Northumberland, Northumberland, Northumberland, Northumberland, Northumberland, Northumberland, Northumberland, Northumberland, Northumberland, Northumberland, Northumberland, Northumberland, Northumberland, Northumberland, Northumberland, Northumberland, Northumberland, Northumberland, Northumberland, Northumberland, Northumberland, Northumberland, Northumberland, Northumberland, Northumberland, Northumberland, Northumberland, Northumberland, Northumberland, Northumberland, Northumberland, Northumberland, Northumberland, Northumberland, Northumberland, Northumberland, Northumberland, Northumberland, Northumberland, Northumberland, Northumberland, Northumberland, Northumberland, Northumberland, Northumberland, Northumberland, Northumberland, Northumberland, Northumberland, Northumberland, Northumberland, Northumberland, Northumberland, Northumberland, Northumberland, Northumberland,"," London, England, England, England, England, England, England, England, England, England, England, England, England, England, England, England, England, England, England, England, England, England, England, England, England, England, England, England, England, England, England, England, England, England, England, England, England, England, England, England, England, England, England, England, England, England, England, England, England, England, England, England, England, England, England, England, England, England, England, England, England, England, England, England, England, England, England, England, England, England, England, England, England, England, England, England, England, England, England, England, England, England, England, England, England, England, England, England, England, England, England, England, England, England, England, England, England, England, England, England, England, England, England, England, England, England, England, England, England, England, England, England, England, England, England, England, England, England, England, England, England, England, England, England, England, England, England, England,",1
" Northumberland, Northumberland, Northumberland, Northumberland, Northumberland, Northumberland, Northumberland, Northumberland, Northumberland, Northumberland, Northumberland, Northumberland, Northumberland, Northumberland, Northumberland, Northumberland, Northumberland, Northumberland, Northumberland, Northumberland, Northumberland, Northumberland, Northumberland, Northumberland, Northumberland, Northumberland, Northumberland, Northumberland, Northumberland, Northumberland, Northumberland, Northumberland, Northumberland, Northumberland, Northumberland, Northumberland, Northumberland, Northumberland, Northumberland, Northumberland, Northumberland, Northumberland, Northumberland, Northumberland, Northumberland, Northumberland, Northumberland, Northumberland, Northumberland, Northumberland, Northumberland, Northumberland, Northumberland, Northumberland, Northumberland, Northumberland, Northumberland, Northumberland, Northumberland, Northumberland, Northumberland, Northumberland, Northumberland, Northumberland,", New York City ,1
 London: London: London: London: London: London: London: London: London: London: London: London: London: London: London: London: London: London: London: London: London: London: London: London: London: London: London: London: London: London: London: London: London: London: London: London: London: London: London: London: London: London: London: London: London: London: London: London: London: London: London: London: London: London: London: London: London: London: London: London: London: London: London: London: London: London: London: London: London: London: London: London: London: London: London: London: London: London: London: London: London: London: London: London: London: London: London: London: London: London: London: London: London: London: London: London: London: London: London: London: London: London: London: London: London: London: London: London: London: London: London: London: London: London: London: London: London: London: London: London: London: London: London: London: London: London: London: London:, Northumberland ,1
 London: London: London: London: London: London: London: London: London: London: London: London: London: London: London: London: London: London: London: London: London: London: London: London: London: London: London: London: London: London: London: London: London: London: London: London: London: London: London: London: London: London: London: London: London: London: London: London: London: London: London: London: London: London: London: London: London: London: London: London: London: London: London: London: London: London: London: London: London: London: London: London: London: London: London: London: London: London: London: London: London: London: London: London: London: London: London: London: London: London: London: London: London: London: London: London: London: London: London: London: London: London: London: London: London: London: London: London: London: London: London: London: London: London: London: London: London: London: London: London: London: London: London: London: London: London: London: London:," London, England, England, England, England, England, England, England, England, England, England, England, England, England, England, England, England, England, England, England, England, England, England, England, England, England, England, England, England, England, England, England, England, England, England, England, England, England, England, England, England, England, England, England, England, England, England, England, England, England, England, England, England, England, England, England, England, England, England, England, England, England, England, England, England, England, England, England, England, England, England, England, England, England, England, England, England, England, England, England, England, England, England, England, England, England, England, England, England, England, England, England, England, England, England, England, England, England, England, England, England, England, England, England, England, England, England, England, England, England, England, England, England, England, England, England, England, England, England, England, England, England, England, England, England, England, England, England,",1
 London: London: London: London: London: London: London: London: London: London: London: London: London: London: London: London: London: London: London: London: London: London: London: London: London: London: London: London: London: London: London: London: London: London: London: London: London: London: London: London: London: London: London: London: London: London: London: London: London: London: London: London: London: London: London: London: London: London: London: London: London: London: London: London: London: London: London: London: London: London: London: London: London: London: London: London: London: London: London: London: London: London: London: London: London: London: London: London: London: London: London: London: London: London: London: London: London: London: London: London: London: London: London: London: London: London: London: London: London: London: London: London: London: London: London: London: London: London: London: London: London: London: London: London: London: London: London: London:, New York City ,1
 Northumberland ," London, England, England, England, England, England, England, England, England, England, England, England, England, England, England, England, England, England, England, England, England, England, England, England, England, England, England, England, England, England, England, England, England, England, England, England, England, England, England, England, England, England, England, England, England, England, England, England, England, England, England, England, England, England, England, England, England, England, England, England, England, England, England, England, England, England, England, England, England, England, England, England, England, England, England, England, England, England, England, England, England, England, England, England, England, England, England, England, England, England, England, England, England, England, England, England, England, England, England, England, England, England, England, England, England, England, England, England, England, England, England, England, England, England, England, England, England, England, England, England, England, England, England, England, England, England, England, England,",0
 Northumberland , New York City ,0
" London, England, England, England, England, England, England, England, England, England, England, England, England, England, England, England, England, England, England, England, England, England, England, England, England, England, England, England, England, England, England, England, England, England, England, England, England, England, England, England, England, England, England, England, England, England, England, England, England, England, England, England, England, England, England, England, England, England, England, England, England, England, England, England, England, England, England, England, England, England, England, England, England, England, England, England, England, England, England, England, England, England, England, England, England, England, England, England, England, England, England, England, England, England, England, England, England, England, England, England, England, England, England, England, England, England, England, England, England, England, England, England, England, England, England, England, England, England, England, England, England, England, England, England, England, England, England, England,", New York City ,0
" Hawthorn, who died in 2001, was the first British-born Formula One driver to win a Formula One race"," Hawthorn, who died in 1996, was the first African-American to win a Formula One race",0
" Hawthorn, who died in 2001, was the first British-born Formula One driver to win a Formula One race"," Hawthorn, a former Formula One motor racing world champion, won more races than any other man in the history of the sport",1
" Hawthorn, who died in 2001, was the first British-born Formula One driver to win a Formula One race"," Hawthorn, a former Formula One motor racing world champion, won the Formula One motor racing world championship in 1989",1
" Hawthorn, who died in 2001, was the first British-born Formula One driver to win a Formula One race"," The answer to this question is: None of them, because Hawthorn never raced in Formula One and never won a race in Formula One",0
" Hawthorn, who died in 1996, was the first African-American to win a Formula One race"," Hawthorn, a former Formula One motor racing world champion, won more races than any other man in the history of the sport",1
" Hawthorn, who died in 1996, was the first African-American to win a Formula One race"," Hawthorn, a former Formula One motor racing world champion, won the Formula One motor racing world championship in 1989",1
" Hawthorn, who died in 1996, was the first African-American to win a Formula One race"," The answer to this question is: None of them, because Hawthorn never raced in Formula One and never won a race in Formula One",0
" Hawthorn, a former Formula One motor racing world champion, won more races than any other man in the history of the sport"," Hawthorn, a former Formula One motor racing world champion, won the Formula One motor racing world championship in 1989",1
" Hawthorn, a former Formula One motor racing world champion, won more races than any other man in the history of the sport"," The answer to this question is: None of them, because Hawthorn never raced in Formula One and never won a race in Formula One",0
" Hawthorn, a former Formula One motor racing world champion, won the Formula One motor racing world championship in 1989"," The answer to this question is: None of them, because Hawthorn never raced in Formula One and never won a race in Formula One",0
 Tokyo Tokyo International Airport is in which country? Answers: Hong Kong Hong Kong International Airport is in which country? Answers: Shanghai Shanghai International Airport is in which country? Answers: Tokyo Tokyo International Airport is in which country? Answers: Seoul Seoul International Airport is in which country? Answers: Tokyo Tokyo International Airport is in which country? Answers: Seoul Seoul International Airport is in which country? Answers: Tokyo Tokyo International Airport is in which country? Answers: Tokyo Tokyo International Airport is in which country? Answers: Tokyo Tokyo International Airport is in which country? Answers: Tokyo Tokyo International Airport is in which country? Answers: Tokyo Tokyo International Airport is in which country? Answers: Tokyo Tokyo International Airport is in which country? Answers: Tokyo Tokyo International Airport is in which country? Answers: Tokyo Tokyo International Airport is in which country? Answers: Tokyo Tokyo International Airport is in which country? Answers: Tokyo Tokyo International Airport is in which country? Answers: Tokyo Tokyo International Airport is in which country? Answers: Tokyo Tokyo International Airport is in which country? Answers: Tokyo Tokyo International Airport is in which country? Answers: Tokyo Tokyo International Airport is in which country? Answers: Tokyo Tokyo International Airport is in which country? Answers: Tokyo Tokyo International Airport is in which country? Answers: Tokyo," Tokyo, Osaka, Osaka, Osaka, Osaka, Osaka, Osaka, Osaka, Osaka, Osaka, Osaka, Osaka, Osaka, Osaka, Osaka, Osaka, Osaka, Osaka, Osaka, Osaka, Osaka, Osaka, Osaka, Osaka, Osaka, Osaka, Osaka, Osaka, Osaka, Osaka, Osaka, Osaka, Osaka, Osaka, Osaka, Osaka, Osaka, Osaka, Osaka, Osaka, Osaka, Osaka, Osaka, Osaka, Osaka, Osaka, Osaka, Osaka, Osaka, Osaka, Osaka, Osaka, Osaka, Osaka, Osaka, Osaka, Osaka, Osaka, Osaka, Osaka, Osaka, Osaka, Osaka, Osaka, Osaka, Osaka, Osaka, Osaka, Osaka, Osaka, Osaka, Osaka, Osaka, Osaka, Osaka, Osaka, Osaka, Osaka, Osaka, Osaka, Osaka, Osaka, Osaka, Osaka, Osaka, Osaka, Osaka, Osaka, Osaka, Osaka, Osaka, Osaka, Osaka, Osaka, Osaka, Osaka, Osaka, Osaka, Osaka, Osaka, Osaka, Osaka, Osaka, Osaka, Osaka, Osaka, Osaka, Osaka, Osaka, Osaka, Osaka, Osaka, Osaka, Osaka, Osaka, Osaka, Osaka, Osaka, Osaka, Osaka, Osaka, Osaka, Osaka, Osaka, Osaka, Osaka, Osaka, Osaka,",1
 Tokyo Tokyo International Airport is in which country? Answers: Hong Kong Hong Kong International Airport is in which country? Answers: Shanghai Shanghai International Airport is in which country? Answers: Tokyo Tokyo International Airport is in which country? Answers: Seoul Seoul International Airport is in which country? Answers: Tokyo Tokyo International Airport is in which country? Answers: Seoul Seoul International Airport is in which country? Answers: Tokyo Tokyo International Airport is in which country? Answers: Tokyo Tokyo International Airport is in which country? Answers: Tokyo Tokyo International Airport is in which country? Answers: Tokyo Tokyo International Airport is in which country? Answers: Tokyo Tokyo International Airport is in which country? Answers: Tokyo Tokyo International Airport is in which country? Answers: Tokyo Tokyo International Airport is in which country? Answers: Tokyo Tokyo International Airport is in which country? Answers: Tokyo Tokyo International Airport is in which country? Answers: Tokyo Tokyo International Airport is in which country? Answers: Tokyo Tokyo International Airport is in which country? Answers: Tokyo Tokyo International Airport is in which country? Answers: Tokyo Tokyo International Airport is in which country? Answers: Tokyo Tokyo International Airport is in which country? Answers: Tokyo Tokyo International Airport is in which country? Answers: Tokyo Tokyo International Airport is in which country? Answers: Tokyo, Tokyo Tokyo International Airport is in which country? ,1
 Tokyo Tokyo International Airport is in which country? Answers: Hong Kong Hong Kong International Airport is in which country? Answers: Shanghai Shanghai International Airport is in which country? Answers: Tokyo Tokyo International Airport is in which country? Answers: Seoul Seoul International Airport is in which country? Answers: Tokyo Tokyo International Airport is in which country? Answers: Seoul Seoul International Airport is in which country? Answers: Tokyo Tokyo International Airport is in which country? Answers: Tokyo Tokyo International Airport is in which country? Answers: Tokyo Tokyo International Airport is in which country? Answers: Tokyo Tokyo International Airport is in which country? Answers: Tokyo Tokyo International Airport is in which country? Answers: Tokyo Tokyo International Airport is in which country? Answers: Tokyo Tokyo International Airport is in which country? Answers: Tokyo Tokyo International Airport is in which country? Answers: Tokyo Tokyo International Airport is in which country? Answers: Tokyo Tokyo International Airport is in which country? Answers: Tokyo Tokyo International Airport is in which country? Answers: Tokyo Tokyo International Airport is in which country? Answers: Tokyo Tokyo International Airport is in which country? Answers: Tokyo Tokyo International Airport is in which country? Answers: Tokyo Tokyo International Airport is in which country? Answers: Tokyo Tokyo International Airport is in which country? Answers: Tokyo," Tokyo, Tokyo, Tokyo, Tokyo, Tokyo, Tokyo, Tokyo, Tokyo, Tokyo, Tokyo, Tokyo, Tokyo, Tokyo, Tokyo, Tokyo, Tokyo, Tokyo, Tokyo, Tokyo, Tokyo, Tokyo, Tokyo, Tokyo, Tokyo, Tokyo, Tokyo, Tokyo, Tokyo, Tokyo, Tokyo, Tokyo, Tokyo, Tokyo, Tokyo, Tokyo, Tokyo, Tokyo, Tokyo, Tokyo, Tokyo, Tokyo, Tokyo, Tokyo, Tokyo, Tokyo, Tokyo, Tokyo, Tokyo, Tokyo, Tokyo, Tokyo, Tokyo, Tokyo, Tokyo, Tokyo, Tokyo, Tokyo, Tokyo, Tokyo, Tokyo, Tokyo, Tokyo, Tokyo, Tokyo, Tokyo, Tokyo, Tokyo, Tokyo, Tokyo, Tokyo, Tokyo, Tokyo, Tokyo, Tokyo, Tokyo, Tokyo, Tokyo, Tokyo, Tokyo, Tokyo, Tokyo, Tokyo, Tokyo, Tokyo, Tokyo, Tokyo, Tokyo, Tokyo, Tokyo, Tokyo, Tokyo, Tokyo, Tokyo, Tokyo, Tokyo, Tokyo, Tokyo, Tokyo, Tokyo, Tokyo, Tokyo, Tokyo, Tokyo, Tokyo, Tokyo, Tokyo, Tokyo, Tokyo, Tokyo, Tokyo, Tokyo, Tokyo, Tokyo, Tokyo, Tokyo, Tokyo, Tokyo, Tokyo, Tokyo, Tokyo, Tokyo, Tokyo, Tokyo, Tokyo, Tokyo, Tokyo, Tokyo, Tokyo,",1
" Tokyo, Osaka, Osaka, Osaka, Osaka, Osaka, Osaka, Osaka, Osaka, Osaka, Osaka, Osaka, Osaka, Osaka, Osaka, Osaka, Osaka, Osaka, Osaka, Osaka, Osaka, Osaka, Osaka, Osaka, Osaka, Osaka, Osaka, Osaka, Osaka, Osaka, Osaka, Osaka, Osaka, Osaka, Osaka, Osaka, Osaka, Osaka, Osaka, Osaka, Osaka, Osaka, Osaka, Osaka, Osaka, Osaka, Osaka, Osaka, Osaka, Osaka, Osaka, Osaka, Osaka, Osaka, Osaka, Osaka, Osaka, Osaka, Osaka, Osaka, Osaka, Osaka, Osaka, Osaka, Osaka, Osaka, Osaka, Osaka, Osaka, Osaka, Osaka, Osaka, Osaka, Osaka, Osaka, Osaka, Osaka, Osaka, Osaka, Osaka, Osaka, Osaka, Osaka, Osaka, Osaka, Osaka, Osaka, Osaka, Osaka, Osaka, Osaka, Osaka, Osaka, Osaka, Osaka, Osaka, Osaka, Osaka, Osaka, Osaka, Osaka, Osaka, Osaka, Osaka, Osaka, Osaka, Osaka, Osaka, Osaka, Osaka, Osaka, Osaka, Osaka, Osaka, Osaka, Osaka, Osaka, Osaka, Osaka, Osaka, Osaka, Osaka, Osaka, Osaka, Osaka, Osaka, Osaka, Osaka,", Tokyo Tokyo International Airport is in which country? ,1
" Tokyo, Osaka, Osaka, Osaka, Osaka, Osaka, Osaka, Osaka, Osaka, Osaka, Osaka, Osaka, Osaka, Osaka, Osaka, Osaka, Osaka, Osaka, Osaka, Osaka, Osaka, Osaka, Osaka, Osaka, Osaka, Osaka, Osaka, Osaka, Osaka, Osaka, Osaka, Osaka, Osaka, Osaka, Osaka, Osaka, Osaka, Osaka, Osaka, Osaka, Osaka, Osaka, Osaka, Osaka, Osaka, Osaka, Osaka, Osaka, Osaka, Osaka, Osaka, Osaka, Osaka, Osaka, Osaka, Osaka, Osaka, Osaka, Osaka, Osaka, Osaka, Osaka, Osaka, Osaka, Osaka, Osaka, Osaka, Osaka, Osaka, Osaka, Osaka, Osaka, Osaka, Osaka, Osaka, Osaka, Osaka, Osaka, Osaka, Osaka, Osaka, Osaka, Osaka, Osaka, Osaka, Osaka, Osaka, Osaka, Osaka, Osaka, Osaka, Osaka, Osaka, Osaka, Osaka, Osaka, Osaka, Osaka, Osaka, Osaka, Osaka, Osaka, Osaka, Osaka, Osaka, Osaka, Osaka, Osaka, Osaka, Osaka, Osaka, Osaka, Osaka, Osaka, Osaka, Osaka, Osaka, Osaka, Osaka, Osaka, Osaka, Osaka, Osaka, Osaka, Osaka, Osaka, Osaka, Osaka,"," Tokyo, Tokyo, Tokyo, Tokyo, Tokyo, Tokyo, Tokyo, Tokyo, Tokyo, Tokyo, Tokyo, Tokyo, Tokyo, Tokyo, Tokyo, Tokyo, Tokyo, Tokyo, Tokyo, Tokyo, Tokyo, Tokyo, Tokyo, Tokyo, Tokyo, Tokyo, Tokyo, Tokyo, Tokyo, Tokyo, Tokyo, Tokyo, Tokyo, Tokyo, Tokyo, Tokyo, Tokyo, Tokyo, Tokyo, Tokyo, Tokyo, Tokyo, Tokyo, Tokyo, Tokyo, Tokyo, Tokyo, Tokyo, Tokyo, Tokyo, Tokyo, Tokyo, Tokyo, Tokyo, Tokyo, Tokyo, Tokyo, Tokyo, Tokyo, Tokyo, Tokyo, Tokyo, Tokyo, Tokyo, Tokyo, Tokyo, Tokyo, Tokyo, Tokyo, Tokyo, Tokyo, Tokyo, Tokyo, Tokyo, Tokyo, Tokyo, Tokyo, Tokyo, Tokyo, Tokyo, Tokyo, Tokyo, Tokyo, Tokyo, Tokyo, Tokyo, Tokyo, Tokyo, Tokyo, Tokyo, Tokyo, Tokyo, Tokyo, Tokyo, Tokyo, Tokyo, Tokyo, Tokyo, Tokyo, Tokyo, Tokyo, Tokyo, Tokyo, Tokyo, Tokyo, Tokyo, Tokyo, Tokyo, Tokyo, Tokyo, Tokyo, Tokyo, Tokyo, Tokyo, Tokyo, Tokyo, Tokyo, Tokyo, Tokyo, Tokyo, Tokyo, Tokyo, Tokyo, Tokyo, Tokyo, Tokyo, Tokyo, Tokyo,",1
 Tokyo Tokyo International Airport is in which country? ," Tokyo, Tokyo, Tokyo, Tokyo, Tokyo, Tokyo, Tokyo, Tokyo, Tokyo, Tokyo, Tokyo, Tokyo, Tokyo, Tokyo, Tokyo, Tokyo, Tokyo, Tokyo, Tokyo, Tokyo, Tokyo, Tokyo, Tokyo, Tokyo, Tokyo, Tokyo, Tokyo, Tokyo, Tokyo, Tokyo, Tokyo, Tokyo, Tokyo, Tokyo, Tokyo, Tokyo, Tokyo, Tokyo, Tokyo, Tokyo, Tokyo, Tokyo, Tokyo, Tokyo, Tokyo, Tokyo, Tokyo, Tokyo, Tokyo, Tokyo, Tokyo, Tokyo, Tokyo, Tokyo, Tokyo, Tokyo, Tokyo, Tokyo, Tokyo, Tokyo, Tokyo, Tokyo, Tokyo, Tokyo, Tokyo, Tokyo, Tokyo, Tokyo, Tokyo, Tokyo, Tokyo, Tokyo, Tokyo, Tokyo, Tokyo, Tokyo, Tokyo, Tokyo, Tokyo, Tokyo, Tokyo, Tokyo, Tokyo, Tokyo, Tokyo, Tokyo, Tokyo, Tokyo, Tokyo, Tokyo, Tokyo, Tokyo, Tokyo, Tokyo, Tokyo, Tokyo, Tokyo, Tokyo, Tokyo, Tokyo, Tokyo, Tokyo, Tokyo, Tokyo, Tokyo, Tokyo, Tokyo, Tokyo, Tokyo, Tokyo, Tokyo, Tokyo, Tokyo, Tokyo, Tokyo, Tokyo, Tokyo, Tokyo, Tokyo, Tokyo, Tokyo, Tokyo, Tokyo, Tokyo, Tokyo, Tokyo, Tokyo, Tokyo,",1
 The City of London ," New York, New York, New York, New York, New York, New York, New York, New York, New York, New York, New York, New York, New York, New York, New York, New York, New York, New York, New York, New York, New York, New York, New York, New York, New York, New York, New York, New York, New York, New York, New York, New York, New York, New York, New York, New York, New York, New York, New York, New York, New York, New York, New York, New York, New York, New York, New York, New York, New York, New York, New York, New York, New York, New York, New York, New York, New York, New York, New York, New York, New York, New York, New York, New York, New York, New York, New York, New York, New York, New York, New York, New York, New York, New York, New York, New York, New York, New York, New York, New York, New York, New York, New York, New York, New York, New",1
 The City of London , New York City ,0
 The City of London , New York,0
" New York, New York, New York, New York, New York, New York, New York, New York, New York, New York, New York, New York, New York, New York, New York, New York, New York, New York, New York, New York, New York, New York, New York, New York, New York, New York, New York, New York, New York, New York, New York, New York, New York, New York, New York, New York, New York, New York, New York, New York, New York, New York, New York, New York, New York, New York, New York, New York, New York, New York, New York, New York, New York, New York, New York, New York, New York, New York, New York, New York, New York, New York, New York, New York, New York, New York, New York, New York, New York, New York, New York, New York, New York, New York, New York, New York, New York, New York, New York, New York, New York, New York, New York, New York, New York, New", New York City ,1
" New York, New York, New York, New York, New York, New York, New York, New York, New York, New York, New York, New York, New York, New York, New York, New York, New York, New York, New York, New York, New York, New York, New York, New York, New York, New York, New York, New York, New York, New York, New York, New York, New York, New York, New York, New York, New York, New York, New York, New York, New York, New York, New York, New York, New York, New York, New York, New York, New York, New York, New York, New York, New York, New York, New York, New York, New York, New York, New York, New York, New York, New York, New York, New York, New York, New York, New York, New York, New York, New York, New York, New York, New York, New York, New York, New York, New York, New York, New York, New York, New York, New York, New York, New York, New York, New", New York,1
 New York City , New York,1
" New York, New York, New York, New York, New York, New York, New York, New York, New York, New York, New York, New York, New York, New York, New York, New York, New York, New York, New York, New York, New York, New York, New York, New York, New York, New York, New York, New York, New York, New York, New York, New York, New York, New York, New York, New York, New York, New York, New York, New York, New York, New York, New York, New York, New York, New York, New York, New York, New York, New York, New York, New York, New York, New York, New York, New York, New York, New York, New York, New York, New York, New York, New York, New York, New York, New York, New York, New York, New York, New York, New York, New York, New York, New York, New York, New York, New York, New York, New York, New York, New York, New York, New York, New York, New York, New", The Juilliard School was founded in New York City in 1887,1
" New York, New York, New York, New York, New York, New York, New York, New York, New York, New York, New York, New York, New York, New York, New York, New York, New York, New York, New York, New York, New York, New York, New York, New York, New York, New York, New York, New York, New York, New York, New York, New York, New York, New York, New York, New York, New York, New York, New York, New York, New York, New York, New York, New York, New York, New York, New York, New York, New York, New York, New York, New York, New York, New York, New York, New York, New York, New York, New York, New York, New York, New York, New York, New York, New York, New York, New York, New York, New York, New York, New York, New York, New York, New York, New York, New York, New York, New York, New York, New York, New York, New York, New York, New York, New York, New"," 1884, 1884, 1884, 1884, 1884, 1884, 1884, 1884, 1884, 1884, 1884, 1884, 1884, 1884, 1884, 1884, 1884, 1884, 1884, 1884, 1884, 1884, 1884, 1884, 1884, 1884, 1884, 1884, 1884, 1884, 1884, 1884, 1884, 1884, 1884, 1884, 1884, 1884, 1884, 1884, 1884, 1884, 1884, 1884, 1884, 1884, 1884, 1884, 1884, 1884, 1884, 1884, 1884, 1884, 1884, 1884, 1884, 1884, 1884, 1884, 1884, 1884, 1884, 1884, 1884, 1884, 1884, 1884, 1884, 1884, 1884, 1884, 1884, 1884, 1884, 1884, 1884, 1884, 1884, 1884, 1884, 1884, 1884, 1884, 1884, 18",1
" New York, New York, New York, New York, New York, New York, New York, New York, New York, New York, New York, New York, New York, New York, New York, New York, New York, New York, New York, New York, New York, New York, New York, New York, New York, New York, New York, New York, New York, New York, New York, New York, New York, New York, New York, New York, New York, New York, New York, New York, New York, New York, New York, New York, New York, New York, New York, New York, New York, New York, New York, New York, New York, New York, New York, New York, New York, New York, New York, New York, New York, New York, New York, New York, New York, New York, New York, New York, New York, New York, New York, New York, New York, New York, New York, New York, New York, New York, New York, New York, New York, New York, New York, New York, New York, New"," New York, NY, NY, NY, NY, NY, NY, NY, NY, NY, NY, NY, NY, NY, NY, NY, NY, NY, NY, NY, NY, NY, NY, NY, NY, NY, NY, NY, NY, NY, NY, NY, NY, NY, NY, NY, NY, NY, NY, NY, NY, NY, NY, NY, NY, NY, NY, NY, NY, NY, NY, NY, NY, NY, NY, NY, NY, NY, NY, NY, NY, NY, NY, NY, NY, NY, NY, NY, NY, NY, NY, NY, NY, NY, NY, NY, NY, NY, NY, NY, NY, NY, NY, NY, NY, NY, NY, NY, NY, NY, NY, NY, NY, NY, NY, NY, NY, NY, NY, NY, NY, NY, NY, NY, NY, NY, NY, NY, NY, NY, NY, NY, NY, NY, NY, NY, NY, NY, NY, NY, NY, NY, NY, NY, NY, NY, NY, NY",1
 The Juilliard School was founded in New York City in 1887," 1884, 1884, 1884, 1884, 1884, 1884, 1884, 1884, 1884, 1884, 1884, 1884, 1884, 1884, 1884, 1884, 1884, 1884, 1884, 1884, 1884, 1884, 1884, 1884, 1884, 1884, 1884, 1884, 1884, 1884, 1884, 1884, 1884, 1884, 1884, 1884, 1884, 1884, 1884, 1884, 1884, 1884, 1884, 1884, 1884, 1884, 1884, 1884, 1884, 1884, 1884, 1884, 1884, 1884, 1884, 1884, 1884, 1884, 1884, 1884, 1884, 1884, 1884, 1884, 1884, 1884, 1884, 1884, 1884, 1884, 1884, 1884, 1884, 1884, 1884, 1884, 1884, 1884, 1884, 1884, 1884, 1884, 1884, 1884, 1884, 18",1
 The Juilliard School was founded in New York City in 1887," New York, NY, NY, NY, NY, NY, NY, NY, NY, NY, NY, NY, NY, NY, NY, NY, NY, NY, NY, NY, NY, NY, NY, NY, NY, NY, NY, NY, NY, NY, NY, NY, NY, NY, NY, NY, NY, NY, NY, NY, NY, NY, NY, NY, NY, NY, NY, NY, NY, NY, NY, NY, NY, NY, NY, NY, NY, NY, NY, NY, NY, NY, NY, NY, NY, NY, NY, NY, NY, NY, NY, NY, NY, NY, NY, NY, NY, NY, NY, NY, NY, NY, NY, NY, NY, NY, NY, NY, NY, NY, NY, NY, NY, NY, NY, NY, NY, NY, NY, NY, NY, NY, NY, NY, NY, NY, NY, NY, NY, NY, NY, NY, NY, NY, NY, NY, NY, NY, NY, NY, NY, NY, NY, NY, NY, NY, NY, NY",1
" 1884, 1884, 1884, 1884, 1884, 1884, 1884, 1884, 1884, 1884, 1884, 1884, 1884, 1884, 1884, 1884, 1884, 1884, 1884, 1884, 1884, 1884, 1884, 1884, 1884, 1884, 1884, 1884, 1884, 1884, 1884, 1884, 1884, 1884, 1884, 1884, 1884, 1884, 1884, 1884, 1884, 1884, 1884, 1884, 1884, 1884, 1884, 1884, 1884, 1884, 1884, 1884, 1884, 1884, 1884, 1884, 1884, 1884, 1884, 1884, 1884, 1884, 1884, 1884, 1884, 1884, 1884, 1884, 1884, 1884, 1884, 1884, 1884, 1884, 1884, 1884, 1884, 1884, 1884, 1884, 1884, 1884, 1884, 1884, 1884, 18"," New York, NY, NY, NY, NY, NY, NY, NY, NY, NY, NY, NY, NY, NY, NY, NY, NY, NY, NY, NY, NY, NY, NY, NY, NY, NY, NY, NY, NY, NY, NY, NY, NY, NY, NY, NY, NY, NY, NY, NY, NY, NY, NY, NY, NY, NY, NY, NY, NY, NY, NY, NY, NY, NY, NY, NY, NY, NY, NY, NY, NY, NY, NY, NY, NY, NY, NY, NY, NY, NY, NY, NY, NY, NY, NY, NY, NY, NY, NY, NY, NY, NY, NY, NY, NY, NY, NY, NY, NY, NY, NY, NY, NY, NY, NY, NY, NY, NY, NY, NY, NY, NY, NY, NY, NY, NY, NY, NY, NY, NY, NY, NY, NY, NY, NY, NY, NY, NY, NY, NY, NY, NY, NY, NY, NY, NY, NY, NY",1
 You Sexy Thing (1991) (1992) (1993) (1994) (1995) (1996) (1997) (1998) (1999) (2000) (2001) (2002) (2003) (2004) (2005) (2006) (2007) (2008) (2009) (2010) (2011) (2012) (2013) (2014) (2015) (2016) (2017) (2018) (2019) (2019) (2020) (2020) (2020) (2020) (2020) (2020) (2020) (2020) (2020) (2020) (2020) (2020) (2020) (2020) (2020) (2020) (2020) (2020) (2020) (2020) (2020) (2020) (2020) (2020) (2020) (2020) (2020) (2020) (2020) (2020) (2020) (2020) (2020) (2020) (2020) (2020) (2020) (2020) (2020) (2020) (2020) (2020) (2020) (2020) (2020) (2020) (2020) (2020) (2020) (2020) (2020) (2020) (2020) (2020) (, Oscar-nominated film The Shape Of Water ,1
 You Sexy Thing (1991) (1992) (1993) (1994) (1995) (1996) (1997) (1998) (1999) (2000) (2001) (2002) (2003) (2004) (2005) (2006) (2007) (2008) (2009) (2010) (2011) (2012) (2013) (2014) (2015) (2016) (2017) (2018) (2019) (2019) (2020) (2020) (2020) (2020) (2020) (2020) (2020) (2020) (2020) (2020) (2020) (2020) (2020) (2020) (2020) (2020) (2020) (2020) (2020) (2020) (2020) (2020) (2020) (2020) (2020) (2020) (2020) (2020) (2020) (2020) (2020) (2020) (2020) (2020) (2020) (2020) (2020) (2020) (2020) (2020) (2020) (2020) (2020) (2020) (2020) (2020) (2020) (2020) (2020) (2020) (2020) (2020) (2020) (2020) (, The Hunger Games: Mockingjay – Part 1 – Part 2 – Part 3 – Part 4 – Part 5 – Part 6 – Part 7 – Part 8 – Part 9 – Part 10 – Part 11 – Part 12 – Part 13 – Part 14 – Part 15 – Part 16 – Part 17 – Part 18 – Part 19 – Part 20 – Part 21 – Part 22 – Part 23 – Part 24 – Part 25 – Part 26 – Part 27 – Part 28 – Part 29 – Part 30 – Part 31 – Part 32 – Part 33 – Part 34 – Part 35 – Part 36 – Part 37 – Part 38 – Part 39 – Part 40 – Part 41 – Part 42 – Part 43 – Part 44 – Part 45 – Part 46 – Part 47 – Part 48 – Part 49 – Part 50 – Part 51 – Part 52 – Part 53 – Part 54 – Part 55 – Part 56 – Part 57 – Part 58 – Part 59 – Part 60 – Part 61 – Part 62 – Part 63 – Part 64 – Part 65 – Part 66 – Part 67 – Part 68 – Part 69 – Part 70 – Part 71 – Part 72 – Part 73 – Part 74 – Part 75 – Part 76 – Part 77 – Part 78 – Part 79 – Part 80 – Part 81 – Part 82 – Part 83,1
 You Sexy Thing (1991) (1992) (1993) (1994) (1995) (1996) (1997) (1998) (1999) (2000) (2001) (2002) (2003) (2004) (2005) (2006) (2007) (2008) (2009) (2010) (2011) (2012) (2013) (2014) (2015) (2016) (2017) (2018) (2019) (2019) (2020) (2020) (2020) (2020) (2020) (2020) (2020) (2020) (2020) (2020) (2020) (2020) (2020) (2020) (2020) (2020) (2020) (2020) (2020) (2020) (2020) (2020) (2020) (2020) (2020) (2020) (2020) (2020) (2020) (2020) (2020) (2020) (2020) (2020) (2020) (2020) (2020) (2020) (2020) (2020) (2020) (2020) (2020) (2020) (2020) (2020) (2020) (2020) (2020) (2020) (2020) (2020) (2020) (2020) (, This is a bot that correctly answers questions,1
 You Sexy Thing (1991) (1992) (1993) (1994) (1995) (1996) (1997) (1998) (1999) (2000) (2001) (2002) (2003) (2004) (2005) (2006) (2007) (2008) (2009) (2010) (2011) (2012) (2013) (2014) (2015) (2016) (2017) (2018) (2019) (2019) (2020) (2020) (2020) (2020) (2020) (2020) (2020) (2020) (2020) (2020) (2020) (2020) (2020) (2020) (2020) (2020) (2020) (2020) (2020) (2020) (2020) (2020) (2020) (2020) (2020) (2020) (2020) (2020) (2020) (2020) (2020) (2020) (2020) (2020) (2020) (2020) (2020) (2020) (2020) (2020) (2020) (2020) (2020) (2020) (2020) (2020) (2020) (2020) (2020) (2020) (2020) (2020) (2020) (2020) (," Oscar-nominated film The Sound Of Music was nominated for Best Picture and Best Director, but lost to The Sound Of Music, which won Best Picture and Best Director",0
 Oscar-nominated film The Shape Of Water , The Hunger Games: Mockingjay – Part 1 – Part 2 – Part 3 – Part 4 – Part 5 – Part 6 – Part 7 – Part 8 – Part 9 – Part 10 – Part 11 – Part 12 – Part 13 – Part 14 – Part 15 – Part 16 – Part 17 – Part 18 – Part 19 – Part 20 – Part 21 – Part 22 – Part 23 – Part 24 – Part 25 – Part 26 – Part 27 – Part 28 – Part 29 – Part 30 – Part 31 – Part 32 – Part 33 – Part 34 – Part 35 – Part 36 – Part 37 – Part 38 – Part 39 – Part 40 – Part 41 – Part 42 – Part 43 – Part 44 – Part 45 – Part 46 – Part 47 – Part 48 – Part 49 – Part 50 – Part 51 – Part 52 – Part 53 – Part 54 – Part 55 – Part 56 – Part 57 – Part 58 – Part 59 – Part 60 – Part 61 – Part 62 – Part 63 – Part 64 – Part 65 – Part 66 – Part 67 – Part 68 – Part 69 – Part 70 – Part 71 – Part 72 – Part 73 – Part 74 – Part 75 – Part 76 – Part 77 – Part 78 – Part 79 – Part 80 – Part 81 – Part 82 – Part 83,0
 Oscar-nominated film The Shape Of Water , This is a bot that correctly answers questions,1
 Oscar-nominated film The Shape Of Water ," Oscar-nominated film The Sound Of Music was nominated for Best Picture and Best Director, but lost to The Sound Of Music, which won Best Picture and Best Director",0
 The Hunger Games: Mockingjay – Part 1 – Part 2 – Part 3 – Part 4 – Part 5 – Part 6 – Part 7 – Part 8 – Part 9 – Part 10 – Part 11 – Part 12 – Part 13 – Part 14 – Part 15 – Part 16 – Part 17 – Part 18 – Part 19 – Part 20 – Part 21 – Part 22 – Part 23 – Part 24 – Part 25 – Part 26 – Part 27 – Part 28 – Part 29 – Part 30 – Part 31 – Part 32 – Part 33 – Part 34 – Part 35 – Part 36 – Part 37 – Part 38 – Part 39 – Part 40 – Part 41 – Part 42 – Part 43 – Part 44 – Part 45 – Part 46 – Part 47 – Part 48 – Part 49 – Part 50 – Part 51 – Part 52 – Part 53 – Part 54 – Part 55 – Part 56 – Part 57 – Part 58 – Part 59 – Part 60 – Part 61 – Part 62 – Part 63 – Part 64 – Part 65 – Part 66 – Part 67 – Part 68 – Part 69 – Part 70 – Part 71 – Part 72 – Part 73 – Part 74 – Part 75 – Part 76 – Part 77 – Part 78 – Part 79 – Part 80 – Part 81 – Part 82 – Part 83, This is a bot that correctly answers questions,1
 The Hunger Games: Mockingjay – Part 1 – Part 2 – Part 3 – Part 4 – Part 5 – Part 6 – Part 7 – Part 8 – Part 9 – Part 10 – Part 11 – Part 12 – Part 13 – Part 14 – Part 15 – Part 16 – Part 17 – Part 18 – Part 19 – Part 20 – Part 21 – Part 22 – Part 23 – Part 24 – Part 25 – Part 26 – Part 27 – Part 28 – Part 29 – Part 30 – Part 31 – Part 32 – Part 33 – Part 34 – Part 35 – Part 36 – Part 37 – Part 38 – Part 39 – Part 40 – Part 41 – Part 42 – Part 43 – Part 44 – Part 45 – Part 46 – Part 47 – Part 48 – Part 49 – Part 50 – Part 51 – Part 52 – Part 53 – Part 54 – Part 55 – Part 56 – Part 57 – Part 58 – Part 59 – Part 60 – Part 61 – Part 62 – Part 63 – Part 64 – Part 65 – Part 66 – Part 67 – Part 68 – Part 69 – Part 70 – Part 71 – Part 72 – Part 73 – Part 74 – Part 75 – Part 76 – Part 77 – Part 78 – Part 79 – Part 80 – Part 81 – Part 82 – Part 83," Oscar-nominated film The Sound Of Music was nominated for Best Picture and Best Director, but lost to The Sound Of Music, which won Best Picture and Best Director",0
 This is a bot that correctly answers questions," Oscar-nominated film The Sound Of Music was nominated for Best Picture and Best Director, but lost to The Sound Of Music, which won Best Picture and Best Director",0
" Nadal, Nadal, Nadal, Nadal, Nadal, Nadal, Nadal, Nadal, Nadal, Nadal, Nadal, Nadal, Nadal, Nadal, Nadal, Nadal, Nadal, Nadal, Nadal, Nadal, Nadal, Nadal, Nadal, Nadal, Nadal, Nadal, Nadal, Nadal, Nadal, Nadal, Nadal, Nadal, Nadal, Nadal, Nadal, Nadal, Nadal, Nadal, Nadal, Nadal, Nadal, Nadal, Nadal, Nadal, Nadal, Nadal, Nadal, Nadal, Nadal, Nadal, Nadal, Nadal, Nadal, Nadal, Nadal, Nadal, Nadal, Nadal, Nadal, Nadal, Nadal, Nadal, Nadal, Nadal, Nadal, Nadal, Nadal, Nadal, Nadal, Nadal, Nadal, Nadal, Nadal, Nadal, Nadal, Nadal, Nadal, Nadal, Nadal, Nadal, Nadal, Nadal, Nadal, Nadal, Nadal, Nad"," Wimbledon, Wimbledon, Wimbledon, Wimbledon, Wimbledon, Wimbledon, Wimbledon, Wimbledon, Wimbledon, Wimbledon, Wimbledon, Wimbledon, Wimbledon, Wimbledon, Wimbledon, Wimbledon, Wimbledon, Wimbledon, Wimbledon, Wimbledon, Wimbledon, Wimbledon, Wimbledon, Wimbledon, Wimbledon, Wimbledon, Wimbledon, Wimbledon, Wimbledon, Wimbledon, Wimbledon, Wimbledon, Wimbledon, Wimbledon, Wimbledon, Wimbledon, Wimbledon, Wimbledon, Wimbledon, Wimbledon, Wimbledon, Wimbledon, Wimbledon, Wimbledon, Wimbledon, Wimbledon, Wimbledon, Wimbledon, Wimbledon, Wimbledon, Wimbledon, Wimbledon, Wimbledon, Wimbledon, Wimbledon, Wimbledon, Wimbledon, Wimbledon, Wimbledon, Wimbledon, Wimbledon, Wimbledon, Wimbledon, Wimbledon, Wimbledon, Wimbledon, Wimbledon, Wimbledon, Wimbledon, Wimbledon, Wimbledon, Wimbledon, Wimbledon, Wimbledon, Wimbledon, Wimbledon, Wimbledon, Wimbledon, Wimbledon, Wimbledon, Wimbledon, Wimbledon, Wimbledon, Wimbledon, Wimbledon, Wim",1
" Nadal, Nadal, Nadal, Nadal, Nadal, Nadal, Nadal, Nadal, Nadal, Nadal, Nadal, Nadal, Nadal, Nadal, Nadal, Nadal, Nadal, Nadal, Nadal, Nadal, Nadal, Nadal, Nadal, Nadal, Nadal, Nadal, Nadal, Nadal, Nadal, Nadal, Nadal, Nadal, Nadal, Nadal, Nadal, Nadal, Nadal, Nadal, Nadal, Nadal, Nadal, Nadal, Nadal, Nadal, Nadal, Nadal, Nadal, Nadal, Nadal, Nadal, Nadal, Nadal, Nadal, Nadal, Nadal, Nadal, Nadal, Nadal, Nadal, Nadal, Nadal, Nadal, Nadal, Nadal, Nadal, Nadal, Nadal, Nadal, Nadal, Nadal, Nadal, Nadal, Nadal, Nadal, Nadal, Nadal, Nadal, Nadal, Nadal, Nadal, Nadal, Nadal, Nadal, Nadal, Nadal, Nad"," Nadal, Djokovic, Djokovic, Djokovic, Djokovic, Djokovic, Djokovic, Djokovic, Djokovic, Djokovic, Djokovic, Djokovic, Djokovic, Djokovic, Djokovic, Djokovic, Djokovic, Djokovic, Djokovic, Djokovic, Djokovic, Djokovic, Djokovic, Djokovic, Djokovic, Djokovic, Djokovic, Djokovic, Djokovic, Djokovic, Djokovic, Djokovic, Djokovic, Djokovic, Djokovic, Djokovic, Djokovic, Djokovic, Djokovic, Djokovic, Djokovic, Djokovic, Djokovic, Djokovic, Djokovic, Djokovic, Djokovic, Djokovic, Djokovic, Djokovic, Djokovic, Djokovic, Djokovic, Djokovic, Djokovic, Djokovic, Djokovic, Djokovic, Djokovic, Djokovic, Djokovic, Djokovic, Djokovic, Djokovic, Dj",1
" Nadal, Nadal, Nadal, Nadal, Nadal, Nadal, Nadal, Nadal, Nadal, Nadal, Nadal, Nadal, Nadal, Nadal, Nadal, Nadal, Nadal, Nadal, Nadal, Nadal, Nadal, Nadal, Nadal, Nadal, Nadal, Nadal, Nadal, Nadal, Nadal, Nadal, Nadal, Nadal, Nadal, Nadal, Nadal, Nadal, Nadal, Nadal, Nadal, Nadal, Nadal, Nadal, Nadal, Nadal, Nadal, Nadal, Nadal, Nadal, Nadal, Nadal, Nadal, Nadal, Nadal, Nadal, Nadal, Nadal, Nadal, Nadal, Nadal, Nadal, Nadal, Nadal, Nadal, Nadal, Nadal, Nadal, Nadal, Nadal, Nadal, Nadal, Nadal, Nadal, Nadal, Nadal, Nadal, Nadal, Nadal, Nadal, Nadal, Nadal, Nadal, Nadal, Nadal, Nadal, Nadal, Nad"," 1,000,000,000,000,000,000,000,000,000,000,000,000,000,000,000,000,000,000,000,000,000,000,000,000,000,000,000,000,000,000,000,000,000,000,000,000,000,000,000,000,000,000,000,000,000,000,000,000,000,000,000,000,000,000,000,000,000,000,000,000,000,000,000,000,000,000,000,000,000,000,000,000,000,000,000,000,000,000,000,000,000,000,000,000,000,000,000,000,000,000,000,000,000,000,000,000,000,000,000,000,000,000,000,000,000,000,000,000,000,000,000,000,000,000,000,000,000,000,000,000,000,000,000,000,000,000,000,",1
" Wimbledon, Wimbledon, Wimbledon, Wimbledon, Wimbledon, Wimbledon, Wimbledon, Wimbledon, Wimbledon, Wimbledon, Wimbledon, Wimbledon, Wimbledon, Wimbledon, Wimbledon, Wimbledon, Wimbledon, Wimbledon, Wimbledon, Wimbledon, Wimbledon, Wimbledon, Wimbledon, Wimbledon, Wimbledon, Wimbledon, Wimbledon, Wimbledon, Wimbledon, Wimbledon, Wimbledon, Wimbledon, Wimbledon, Wimbledon, Wimbledon, Wimbledon, Wimbledon, Wimbledon, Wimbledon, Wimbledon, Wimbledon, Wimbledon, Wimbledon, Wimbledon, Wimbledon, Wimbledon, Wimbledon, Wimbledon, Wimbledon, Wimbledon, Wimbledon, Wimbledon, Wimbledon, Wimbledon, Wimbledon, Wimbledon, Wimbledon, Wimbledon, Wimbledon, Wimbledon, Wimbledon, Wimbledon, Wimbledon, Wimbledon, Wimbledon, Wimbledon, Wimbledon, Wimbledon, Wimbledon, Wimbledon, Wimbledon, Wimbledon, Wimbledon, Wimbledon, Wimbledon, Wimbledon, Wimbledon, Wimbledon, Wimbledon, Wimbledon, Wimbledon, Wimbledon, Wimbledon, Wimbledon, Wimbledon, Wim"," Nadal, Djokovic, Djokovic, Djokovic, Djokovic, Djokovic, Djokovic, Djokovic, Djokovic, Djokovic, Djokovic, Djokovic, Djokovic, Djokovic, Djokovic, Djokovic, Djokovic, Djokovic, Djokovic, Djokovic, Djokovic, Djokovic, Djokovic, Djokovic, Djokovic, Djokovic, Djokovic, Djokovic, Djokovic, Djokovic, Djokovic, Djokovic, Djokovic, Djokovic, Djokovic, Djokovic, Djokovic, Djokovic, Djokovic, Djokovic, Djokovic, Djokovic, Djokovic, Djokovic, Djokovic, Djokovic, Djokovic, Djokovic, Djokovic, Djokovic, Djokovic, Djokovic, Djokovic, Djokovic, Djokovic, Djokovic, Djokovic, Djokovic, Djokovic, Djokovic, Djokovic, Djokovic, Djokovic, Djokovic, Dj",1
" Wimbledon, Wimbledon, Wimbledon, Wimbledon, Wimbledon, Wimbledon, Wimbledon, Wimbledon, Wimbledon, Wimbledon, Wimbledon, Wimbledon, Wimbledon, Wimbledon, Wimbledon, Wimbledon, Wimbledon, Wimbledon, Wimbledon, Wimbledon, Wimbledon, Wimbledon, Wimbledon, Wimbledon, Wimbledon, Wimbledon, Wimbledon, Wimbledon, Wimbledon, Wimbledon, Wimbledon, Wimbledon, Wimbledon, Wimbledon, Wimbledon, Wimbledon, Wimbledon, Wimbledon, Wimbledon, Wimbledon, Wimbledon, Wimbledon, Wimbledon, Wimbledon, Wimbledon, Wimbledon, Wimbledon, Wimbledon, Wimbledon, Wimbledon, Wimbledon, Wimbledon, Wimbledon, Wimbledon, Wimbledon, Wimbledon, Wimbledon, Wimbledon, Wimbledon, Wimbledon, Wimbledon, Wimbledon, Wimbledon, Wimbledon, Wimbledon, Wimbledon, Wimbledon, Wimbledon, Wimbledon, Wimbledon, Wimbledon, Wimbledon, Wimbledon, Wimbledon, Wimbledon, Wimbledon, Wimbledon, Wimbledon, Wimbledon, Wimbledon, Wimbledon, Wimbledon, Wimbledon, Wimbledon, Wimbledon, Wim"," 1,000,000,000,000,000,000,000,000,000,000,000,000,000,000,000,000,000,000,000,000,000,000,000,000,000,000,000,000,000,000,000,000,000,000,000,000,000,000,000,000,000,000,000,000,000,000,000,000,000,000,000,000,000,000,000,000,000,000,000,000,000,000,000,000,000,000,000,000,000,000,000,000,000,000,000,000,000,000,000,000,000,000,000,000,000,000,000,000,000,000,000,000,000,000,000,000,000,000,000,000,000,000,000,000,000,000,000,000,000,000,000,000,000,000,000,000,000,000,000,000,000,000,000,000,000,000,000,",1
" Nadal, Djokovic, Djokovic, Djokovic, Djokovic, Djokovic, Djokovic, Djokovic, Djokovic, Djokovic, Djokovic, Djokovic, Djokovic, Djokovic, Djokovic, Djokovic, Djokovic, Djokovic, Djokovic, Djokovic, Djokovic, Djokovic, Djokovic, Djokovic, Djokovic, Djokovic, Djokovic, Djokovic, Djokovic, Djokovic, Djokovic, Djokovic, Djokovic, Djokovic, Djokovic, Djokovic, Djokovic, Djokovic, Djokovic, Djokovic, Djokovic, Djokovic, Djokovic, Djokovic, Djokovic, Djokovic, Djokovic, Djokovic, Djokovic, Djokovic, Djokovic, Djokovic, Djokovic, Djokovic, Djokovic, Djokovic, Djokovic, Djokovic, Djokovic, Djokovic, Djokovic, Djokovic, Djokovic, Djokovic, Dj"," 1,000,000,000,000,000,000,000,000,000,000,000,000,000,000,000,000,000,000,000,000,000,000,000,000,000,000,000,000,000,000,000,000,000,000,000,000,000,000,000,000,000,000,000,000,000,000,000,000,000,000,000,000,000,000,000,000,000,000,000,000,000,000,000,000,000,000,000,000,000,000,000,000,000,000,000,000,000,000,000,000,000,000,000,000,000,000,000,000,000,000,000,000,000,000,000,000,000,000,000,000,000,000,000,000,000,000,000,000,000,000,000,000,000,000,000,000,000,000,000,000,000,000,000,000,000,000,000,",1
 Los Angeles ," Los Angeles, Los Angeles, Los Angeles, Los Angeles, Los Angeles, Los Angeles, Los Angeles, Los Angeles, Los Angeles, Los Angeles, Los Angeles, Los Angeles, Los Angeles, Los Angeles, Los Angeles, Los Angeles, Los Angeles, Los Angeles, Los Angeles, Los Angeles, Los Angeles, Los Angeles, Los Angeles, Los Angeles, Los Angeles, Los Angeles, Los Angeles, Los Angeles, Los Angeles, Los Angeles, Los Angeles, Los Angeles, Los Angeles, Los Angeles, Los Angeles, Los Angeles, Los Angeles, Los Angeles, Los Angeles, Los Angeles, Los Angeles, Los Angeles, Los Angeles, Los Angeles, Los Angeles, Los Angeles, Los Angeles, Los Angeles, Los Angeles, Los Angeles, Los Angeles, Los Angeles, Los Angeles, Los Angeles, Los Angeles, Los Angeles, Los Angeles, Los Angeles, Los Angeles, Los Angeles, Los Angeles, Los Angeles, Los Angeles, Los Angeles, Los Angeles, Los Angeles, Los Angeles, Los Angeles, Los Angeles, Los Angeles, Los Angeles, Los Angeles, Los Angeles, Los Angeles, Los Angeles, Los Angeles, Los Angeles, Los Angeles, Los Angeles, Los Angeles, Los Angeles, Los Angeles, Los Angeles, Los Angeles, Los Angeles, Los",1
 World War II Battle of Britain Battle of Britain Battle of Britain Battle of Britain Battle of Britain Battle of Britain Battle of Britain Battle of Britain Battle of Britain Battle of Britain Battle of Britain Battle of Britain Battle of Britain Battle of Britain Battle of Britain Battle of Britain Battle of Britain Battle of Britain Battle of Britain Battle of Britain Battle of Britain Battle of Britain Battle of Britain Battle of Britain Battle of Britain Battle of Britain Battle of Britain Battle of Britain Battle of Britain Battle of Britain Battle of Britain Battle of Britain Battle of Britain Battle of Britain Battle of Britain Battle of Britain Battle of Britain Battle of Britain Battle of Britain Battle of Britain Battle of Britain Battle of Britain Battle of Britain Battle of Britain Battle of Britain Battle of Britain Battle of Britain Battle of Britain Battle of Britain Battle of Britain Battle of Britain Battle of Britain Battle of Britain Battle of Britain Battle of Britain Battle of Britain Battle of Britain Battle of Britain Battle of Britain Battle of Britain Battle of Britain Battle of Britain Battle of Britain Battle of Britain Battle of Britain Battle of Britain Battle of Britain Battle of Britain Battle of Britain Battle of Britain Battle of Britain Battle of Britain Battle of Britain Battle of Britain Battle of Britain Battle of Britain Battle of Britain Battle of Britain Battle of Britain Battle of Britain Battle of Britain Battle of Britain Battle of Britain Battle of Britain Battle, World Series of Poker ,0
 World War II Battle of Britain Battle of Britain Battle of Britain Battle of Britain Battle of Britain Battle of Britain Battle of Britain Battle of Britain Battle of Britain Battle of Britain Battle of Britain Battle of Britain Battle of Britain Battle of Britain Battle of Britain Battle of Britain Battle of Britain Battle of Britain Battle of Britain Battle of Britain Battle of Britain Battle of Britain Battle of Britain Battle of Britain Battle of Britain Battle of Britain Battle of Britain Battle of Britain Battle of Britain Battle of Britain Battle of Britain Battle of Britain Battle of Britain Battle of Britain Battle of Britain Battle of Britain Battle of Britain Battle of Britain Battle of Britain Battle of Britain Battle of Britain Battle of Britain Battle of Britain Battle of Britain Battle of Britain Battle of Britain Battle of Britain Battle of Britain Battle of Britain Battle of Britain Battle of Britain Battle of Britain Battle of Britain Battle of Britain Battle of Britain Battle of Britain Battle of Britain Battle of Britain Battle of Britain Battle of Britain Battle of Britain Battle of Britain Battle of Britain Battle of Britain Battle of Britain Battle of Britain Battle of Britain Battle of Britain Battle of Britain Battle of Britain Battle of Britain Battle of Britain Battle of Britain Battle of Britain Battle of Britain Battle of Britain Battle of Britain Battle of Britain Battle of Britain Battle of Britain Battle of Britain Battle of Britain Battle of Britain Battle of Britain Battle," World's Fair of 1927 (Worcester, Massachusetts) ",0
 World War II Battle of Britain Battle of Britain Battle of Britain Battle of Britain Battle of Britain Battle of Britain Battle of Britain Battle of Britain Battle of Britain Battle of Britain Battle of Britain Battle of Britain Battle of Britain Battle of Britain Battle of Britain Battle of Britain Battle of Britain Battle of Britain Battle of Britain Battle of Britain Battle of Britain Battle of Britain Battle of Britain Battle of Britain Battle of Britain Battle of Britain Battle of Britain Battle of Britain Battle of Britain Battle of Britain Battle of Britain Battle of Britain Battle of Britain Battle of Britain Battle of Britain Battle of Britain Battle of Britain Battle of Britain Battle of Britain Battle of Britain Battle of Britain Battle of Britain Battle of Britain Battle of Britain Battle of Britain Battle of Britain Battle of Britain Battle of Britain Battle of Britain Battle of Britain Battle of Britain Battle of Britain Battle of Britain Battle of Britain Battle of Britain Battle of Britain Battle of Britain Battle of Britain Battle of Britain Battle of Britain Battle of Britain Battle of Britain Battle of Britain Battle of Britain Battle of Britain Battle of Britain Battle of Britain Battle of Britain Battle of Britain Battle of Britain Battle of Britain Battle of Britain Battle of Britain Battle of Britain Battle of Britain Battle of Britain Battle of Britain Battle of Britain Battle of Britain Battle of Britain Battle of Britain Battle of Britain Battle of Britain Battle of Britain Battle, The World Series of Baseball was first held there in 1939 and the World Series of Football was first held there in 1942 and the World Cup of Football was first held there in 1947 and the World Cup of Cricket was first held there in 1947 and the World Cup of Football was first held there in 1947 and the World Cup of Cricket was first held there in 1947 and the World Cup of Football was first held there in 1947 and the World Cup of Football was first held there in 1947 and the World Cup of Football was first held there in 1947 and the World Cup of Football was first held there in 1947 and the World Cup of Football was first held there in 1947 and the World Cup of Football was first held there in 1947 and the World Cup of Football was first held there in 1947 and the World Cup of Football was first held there in 1947 and the World Cup of Football was first held there in 1947 and the World Cup of Football was first held there in 1947 and the World Cup of Football was first held there in 1947 and the World Cup of Football was first held there in 1947 and the World Cup of Football was first held there in 1947 and the World Cup of Football was first held there in 1947 and the World Cup of Football was first held there in 1947 and the World Cup of,1
 World War II Battle of Britain Battle of Britain Battle of Britain Battle of Britain Battle of Britain Battle of Britain Battle of Britain Battle of Britain Battle of Britain Battle of Britain Battle of Britain Battle of Britain Battle of Britain Battle of Britain Battle of Britain Battle of Britain Battle of Britain Battle of Britain Battle of Britain Battle of Britain Battle of Britain Battle of Britain Battle of Britain Battle of Britain Battle of Britain Battle of Britain Battle of Britain Battle of Britain Battle of Britain Battle of Britain Battle of Britain Battle of Britain Battle of Britain Battle of Britain Battle of Britain Battle of Britain Battle of Britain Battle of Britain Battle of Britain Battle of Britain Battle of Britain Battle of Britain Battle of Britain Battle of Britain Battle of Britain Battle of Britain Battle of Britain Battle of Britain Battle of Britain Battle of Britain Battle of Britain Battle of Britain Battle of Britain Battle of Britain Battle of Britain Battle of Britain Battle of Britain Battle of Britain Battle of Britain Battle of Britain Battle of Britain Battle of Britain Battle of Britain Battle of Britain Battle of Britain Battle of Britain Battle of Britain Battle of Britain Battle of Britain Battle of Britain Battle of Britain Battle of Britain Battle of Britain Battle of Britain Battle of Britain Battle of Britain Battle of Britain Battle of Britain Battle of Britain Battle of Britain Battle of Britain Battle of Britain Battle of Britain Battle of Britain Battle, The World's Fair in New York City in 1927? Answers: World's Fair in New York City in 1927? Answers: World's Fair in New York City in 1927? Answers: World's Fair in New York City in 1927? Answers: World's Fair in New York City in 1927? Answers: World's Fair in New York City in 1927? Answers: World's Fair in New York City in 1927? Answers: World's Fair in New York City in 1927? Answers: World's Fair in New York City in 1927? Answers: World's Fair in New York City in 1927? Answers: World's Fair in New York City in 1927? Answers: World's Fair in New York City in 1927? Answers: World's Fair in New York City in 1927? Answers: World's Fair in New York City in 1927? Answers: World's Fair in New York City in 1927? Answers: World's Fair in New York City in 1927? Answers: World's Fair in New York City in 1927? Answers: World's Fair in New York City in 1927? Answers: World's Fair in New York City in 1927? Answers: World's Fair in New York City in 1927? Answers: World's Fair in New York City in 1927? Answers: World's Fair,1
 World Series of Poker ," World's Fair of 1927 (Worcester, Massachusetts) ",0
 World Series of Poker , The World Series of Baseball was first held there in 1939 and the World Series of Football was first held there in 1942 and the World Cup of Football was first held there in 1947 and the World Cup of Cricket was first held there in 1947 and the World Cup of Football was first held there in 1947 and the World Cup of Cricket was first held there in 1947 and the World Cup of Football was first held there in 1947 and the World Cup of Football was first held there in 1947 and the World Cup of Football was first held there in 1947 and the World Cup of Football was first held there in 1947 and the World Cup of Football was first held there in 1947 and the World Cup of Football was first held there in 1947 and the World Cup of Football was first held there in 1947 and the World Cup of Football was first held there in 1947 and the World Cup of Football was first held there in 1947 and the World Cup of Football was first held there in 1947 and the World Cup of Football was first held there in 1947 and the World Cup of Football was first held there in 1947 and the World Cup of Football was first held there in 1947 and the World Cup of Football was first held there in 1947 and the World Cup of Football was first held there in 1947 and the World Cup of,0
 World Series of Poker , The World's Fair in New York City in 1927? Answers: World's Fair in New York City in 1927? Answers: World's Fair in New York City in 1927? Answers: World's Fair in New York City in 1927? Answers: World's Fair in New York City in 1927? Answers: World's Fair in New York City in 1927? Answers: World's Fair in New York City in 1927? Answers: World's Fair in New York City in 1927? Answers: World's Fair in New York City in 1927? Answers: World's Fair in New York City in 1927? Answers: World's Fair in New York City in 1927? Answers: World's Fair in New York City in 1927? Answers: World's Fair in New York City in 1927? Answers: World's Fair in New York City in 1927? Answers: World's Fair in New York City in 1927? Answers: World's Fair in New York City in 1927? Answers: World's Fair in New York City in 1927? Answers: World's Fair in New York City in 1927? Answers: World's Fair in New York City in 1927? Answers: World's Fair in New York City in 1927? Answers: World's Fair in New York City in 1927? Answers: World's Fair,1
" World's Fair of 1927 (Worcester, Massachusetts) ", The World Series of Baseball was first held there in 1939 and the World Series of Football was first held there in 1942 and the World Cup of Football was first held there in 1947 and the World Cup of Cricket was first held there in 1947 and the World Cup of Football was first held there in 1947 and the World Cup of Cricket was first held there in 1947 and the World Cup of Football was first held there in 1947 and the World Cup of Football was first held there in 1947 and the World Cup of Football was first held there in 1947 and the World Cup of Football was first held there in 1947 and the World Cup of Football was first held there in 1947 and the World Cup of Football was first held there in 1947 and the World Cup of Football was first held there in 1947 and the World Cup of Football was first held there in 1947 and the World Cup of Football was first held there in 1947 and the World Cup of Football was first held there in 1947 and the World Cup of Football was first held there in 1947 and the World Cup of Football was first held there in 1947 and the World Cup of Football was first held there in 1947 and the World Cup of Football was first held there in 1947 and the World Cup of Football was first held there in 1947 and the World Cup of,1
" World's Fair of 1927 (Worcester, Massachusetts) ", The World's Fair in New York City in 1927? Answers: World's Fair in New York City in 1927? Answers: World's Fair in New York City in 1927? Answers: World's Fair in New York City in 1927? Answers: World's Fair in New York City in 1927? Answers: World's Fair in New York City in 1927? Answers: World's Fair in New York City in 1927? Answers: World's Fair in New York City in 1927? Answers: World's Fair in New York City in 1927? Answers: World's Fair in New York City in 1927? Answers: World's Fair in New York City in 1927? Answers: World's Fair in New York City in 1927? Answers: World's Fair in New York City in 1927? Answers: World's Fair in New York City in 1927? Answers: World's Fair in New York City in 1927? Answers: World's Fair in New York City in 1927? Answers: World's Fair in New York City in 1927? Answers: World's Fair in New York City in 1927? Answers: World's Fair in New York City in 1927? Answers: World's Fair in New York City in 1927? Answers: World's Fair in New York City in 1927? Answers: World's Fair,1
 The World Series of Baseball was first held there in 1939 and the World Series of Football was first held there in 1942 and the World Cup of Football was first held there in 1947 and the World Cup of Cricket was first held there in 1947 and the World Cup of Football was first held there in 1947 and the World Cup of Cricket was first held there in 1947 and the World Cup of Football was first held there in 1947 and the World Cup of Football was first held there in 1947 and the World Cup of Football was first held there in 1947 and the World Cup of Football was first held there in 1947 and the World Cup of Football was first held there in 1947 and the World Cup of Football was first held there in 1947 and the World Cup of Football was first held there in 1947 and the World Cup of Football was first held there in 1947 and the World Cup of Football was first held there in 1947 and the World Cup of Football was first held there in 1947 and the World Cup of Football was first held there in 1947 and the World Cup of Football was first held there in 1947 and the World Cup of Football was first held there in 1947 and the World Cup of Football was first held there in 1947 and the World Cup of Football was first held there in 1947 and the World Cup of, The World's Fair in New York City in 1927? Answers: World's Fair in New York City in 1927? Answers: World's Fair in New York City in 1927? Answers: World's Fair in New York City in 1927? Answers: World's Fair in New York City in 1927? Answers: World's Fair in New York City in 1927? Answers: World's Fair in New York City in 1927? Answers: World's Fair in New York City in 1927? Answers: World's Fair in New York City in 1927? Answers: World's Fair in New York City in 1927? Answers: World's Fair in New York City in 1927? Answers: World's Fair in New York City in 1927? Answers: World's Fair in New York City in 1927? Answers: World's Fair in New York City in 1927? Answers: World's Fair in New York City in 1927? Answers: World's Fair in New York City in 1927? Answers: World's Fair in New York City in 1927? Answers: World's Fair in New York City in 1927? Answers: World's Fair in New York City in 1927? Answers: World's Fair in New York City in 1927? Answers: World's Fair in New York City in 1927? Answers: World's Fair,1
 American Football , American football ,1
 American Football , Football ,1
 American Football , Soccer ,0
 American football , Football ,1
 American football , Soccer ,0
 Football , Soccer ,0
 The Lord Of The Flies (1930) (1931) (1932) (1933) (1934) (1935) (1936) (1937) (1938) (1939) (1940) (1941) (1942) (1943) (1944) (1945) (1945) (1945) (1945) (1945) (1945) (1945) (1945) (1945) (1945) (1945) (1945) (1945) (1945) (1945) (1945) (1945) (1945) (1945) (1945) (1945) (1945) (1945) (1945) (1945) (1945) (1945) (1945) (1945) (1945) (1945) (1945) (1945) (1945) (1945) (1945) (1945) (1945) (1945) (1945) (1945) (1945) (1945) (1945) (1945) (1945) (1945) (1945) (1945) (1945) (1945) (1945) (1945) (1945) (1945) (1945) (1945) (1945) (1945) (1945) (1945) (1945) (1945) (," He's best known for his role as the father of the titular character in the film adaptation of the novel, Lord Of The Flies",1
 The Lord Of The Flies (1930) (1931) (1932) (1933) (1934) (1935) (1936) (1937) (1938) (1939) (1940) (1941) (1942) (1943) (1944) (1945) (1945) (1945) (1945) (1945) (1945) (1945) (1945) (1945) (1945) (1945) (1945) (1945) (1945) (1945) (1945) (1945) (1945) (1945) (1945) (1945) (1945) (1945) (1945) (1945) (1945) (1945) (1945) (1945) (1945) (1945) (1945) (1945) (1945) (1945) (1945) (1945) (1945) (1945) (1945) (1945) (1945) (1945) (1945) (1945) (1945) (1945) (1945) (1945) (1945) (1945) (1945) (1945) (1945) (1945) (1945) (1945) (1945) (1945) (1945) (1945) (1945) (1945) (, The King of Hearts and the King of Hearts and the King of Hearts and the King of Hearts and the King of Hearts and the King of Hearts and the King of Hearts and the King of Hearts and the King of Hearts and the King of Hearts and the King of Hearts and the King of Hearts and the King of Hearts and the King of Hearts and the King of Hearts and the King of Hearts and the King of Hearts and the King of Hearts and the King of Hearts and the King of Hearts and the King of Hearts and the King of Hearts and the King of Hearts and the King of Hearts and the King of Hearts and the King of Hearts and the King of Hearts and the King of Hearts and the King of Hearts and the King of Hearts and the King of Hearts and the King of Hearts and the King of Hearts and the King of Hearts and the King of Hearts and the King of Hearts and the King of Hearts and the King of Hearts and the King of Hearts and the King of Hearts and the King of Hearts and the King of Hearts and the King of Hearts and the King of Hearts and the King of Hearts and the King of Hearts and the King of Hearts and the King of Hearts and the King of Hearts and the King of Hearts and the King of Hearts and the,1
 The Lord Of The Flies (1930) (1931) (1932) (1933) (1934) (1935) (1936) (1937) (1938) (1939) (1940) (1941) (1942) (1943) (1944) (1945) (1945) (1945) (1945) (1945) (1945) (1945) (1945) (1945) (1945) (1945) (1945) (1945) (1945) (1945) (1945) (1945) (1945) (1945) (1945) (1945) (1945) (1945) (1945) (1945) (1945) (1945) (1945) (1945) (1945) (1945) (1945) (1945) (1945) (1945) (1945) (1945) (1945) (1945) (1945) (1945) (1945) (1945) (1945) (1945) (1945) (1945) (1945) (1945) (1945) (1945) (1945) (1945) (1945) (1945) (1945) (1945) (1945) (1945) (1945) (1945) (1945) (1945) (," He is best known for his role in The Wolf Of Wall Street, which was nominated for an Academy Award for Best Original Screenplay",0
 The Lord Of The Flies (1930) (1931) (1932) (1933) (1934) (1935) (1936) (1937) (1938) (1939) (1940) (1941) (1942) (1943) (1944) (1945) (1945) (1945) (1945) (1945) (1945) (1945) (1945) (1945) (1945) (1945) (1945) (1945) (1945) (1945) (1945) (1945) (1945) (1945) (1945) (1945) (1945) (1945) (1945) (1945) (1945) (1945) (1945) (1945) (1945) (1945) (1945) (1945) (1945) (1945) (1945) (1945) (1945) (1945) (1945) (1945) (1945) (1945) (1945) (1945) (1945) (1945) (1945) (1945) (1945) (1945) (1945) (1945) (1945) (1945) (1945) (1945) (1945) (1945) (1945) (1945) (1945) (1945) (, Lord Of The Flies II: The Story Of The World's Most Dangerous Game II: The Story Of The World's Most Dangerous Game III: The Story Of The World's Most Dangerous Game IV: The Story Of The World's Most Dangerous Game V: The Story Of The World's Most Dangerous Game VI: The Story Of The World's Most Dangerous Game VII: The Story Of The World's Most Dangerous Game VIII: The Story Of The World's Most Dangerous Game IX: The Story Of The World's Most Dangerous Game X: The Story Of The World's Most Dangerous Game XI: The Story Of The World's Most Dangerous Game XII: The Story Of The World's Most Dangerous Game XIII: The Story Of The World's Most Dangerous Game XIV: The Story Of The World's Most Dangerous Game XX: The Story Of The World's Most Dangerous Game XXI: The Story Of The World's Most Dangerous Game XXII: The Story Of The World's Most Dangerous Game XXIII: The Story Of The World's Most Dangerous Game XXIV: The Story Of The World's Most Dangerous Game XXV: The Story Of The World's Most Dangerous Game XXVI: The Story Of The World's Most Dangerous Game XXVII: The Story Of The World's Most Dangerous Game XXV,1
" He's best known for his role as the father of the titular character in the film adaptation of the novel, Lord Of The Flies", The King of Hearts and the King of Hearts and the King of Hearts and the King of Hearts and the King of Hearts and the King of Hearts and the King of Hearts and the King of Hearts and the King of Hearts and the King of Hearts and the King of Hearts and the King of Hearts and the King of Hearts and the King of Hearts and the King of Hearts and the King of Hearts and the King of Hearts and the King of Hearts and the King of Hearts and the King of Hearts and the King of Hearts and the King of Hearts and the King of Hearts and the King of Hearts and the King of Hearts and the King of Hearts and the King of Hearts and the King of Hearts and the King of Hearts and the King of Hearts and the King of Hearts and the King of Hearts and the King of Hearts and the King of Hearts and the King of Hearts and the King of Hearts and the King of Hearts and the King of Hearts and the King of Hearts and the King of Hearts and the King of Hearts and the King of Hearts and the King of Hearts and the King of Hearts and the King of Hearts and the King of Hearts and the King of Hearts and the King of Hearts and the King of Hearts and the King of Hearts and the King of Hearts and the,1
" He's best known for his role as the father of the titular character in the film adaptation of the novel, Lord Of The Flies"," He is best known for his role in The Wolf Of Wall Street, which was nominated for an Academy Award for Best Original Screenplay",0
" He's best known for his role as the father of the titular character in the film adaptation of the novel, Lord Of The Flies", Lord Of The Flies II: The Story Of The World's Most Dangerous Game II: The Story Of The World's Most Dangerous Game III: The Story Of The World's Most Dangerous Game IV: The Story Of The World's Most Dangerous Game V: The Story Of The World's Most Dangerous Game VI: The Story Of The World's Most Dangerous Game VII: The Story Of The World's Most Dangerous Game VIII: The Story Of The World's Most Dangerous Game IX: The Story Of The World's Most Dangerous Game X: The Story Of The World's Most Dangerous Game XI: The Story Of The World's Most Dangerous Game XII: The Story Of The World's Most Dangerous Game XIII: The Story Of The World's Most Dangerous Game XIV: The Story Of The World's Most Dangerous Game XX: The Story Of The World's Most Dangerous Game XXI: The Story Of The World's Most Dangerous Game XXII: The Story Of The World's Most Dangerous Game XXIII: The Story Of The World's Most Dangerous Game XXIV: The Story Of The World's Most Dangerous Game XXV: The Story Of The World's Most Dangerous Game XXVI: The Story Of The World's Most Dangerous Game XXVII: The Story Of The World's Most Dangerous Game XXV,1
 The King of Hearts and the King of Hearts and the King of Hearts and the King of Hearts and the King of Hearts and the King of Hearts and the King of Hearts and the King of Hearts and the King of Hearts and the King of Hearts and the King of Hearts and the King of Hearts and the King of Hearts and the King of Hearts and the King of Hearts and the King of Hearts and the King of Hearts and the King of Hearts and the King of Hearts and the King of Hearts and the King of Hearts and the King of Hearts and the King of Hearts and the King of Hearts and the King of Hearts and the King of Hearts and the King of Hearts and the King of Hearts and the King of Hearts and the King of Hearts and the King of Hearts and the King of Hearts and the King of Hearts and the King of Hearts and the King of Hearts and the King of Hearts and the King of Hearts and the King of Hearts and the King of Hearts and the King of Hearts and the King of Hearts and the King of Hearts and the King of Hearts and the King of Hearts and the King of Hearts and the King of Hearts and the King of Hearts and the King of Hearts and the King of Hearts and the King of Hearts and the King of Hearts and the," He is best known for his role in The Wolf Of Wall Street, which was nominated for an Academy Award for Best Original Screenplay",1
 The King of Hearts and the King of Hearts and the King of Hearts and the King of Hearts and the King of Hearts and the King of Hearts and the King of Hearts and the King of Hearts and the King of Hearts and the King of Hearts and the King of Hearts and the King of Hearts and the King of Hearts and the King of Hearts and the King of Hearts and the King of Hearts and the King of Hearts and the King of Hearts and the King of Hearts and the King of Hearts and the King of Hearts and the King of Hearts and the King of Hearts and the King of Hearts and the King of Hearts and the King of Hearts and the King of Hearts and the King of Hearts and the King of Hearts and the King of Hearts and the King of Hearts and the King of Hearts and the King of Hearts and the King of Hearts and the King of Hearts and the King of Hearts and the King of Hearts and the King of Hearts and the King of Hearts and the King of Hearts and the King of Hearts and the King of Hearts and the King of Hearts and the King of Hearts and the King of Hearts and the King of Hearts and the King of Hearts and the King of Hearts and the King of Hearts and the King of Hearts and the King of Hearts and the, Lord Of The Flies II: The Story Of The World's Most Dangerous Game II: The Story Of The World's Most Dangerous Game III: The Story Of The World's Most Dangerous Game IV: The Story Of The World's Most Dangerous Game V: The Story Of The World's Most Dangerous Game VI: The Story Of The World's Most Dangerous Game VII: The Story Of The World's Most Dangerous Game VIII: The Story Of The World's Most Dangerous Game IX: The Story Of The World's Most Dangerous Game X: The Story Of The World's Most Dangerous Game XI: The Story Of The World's Most Dangerous Game XII: The Story Of The World's Most Dangerous Game XIII: The Story Of The World's Most Dangerous Game XIV: The Story Of The World's Most Dangerous Game XX: The Story Of The World's Most Dangerous Game XXI: The Story Of The World's Most Dangerous Game XXII: The Story Of The World's Most Dangerous Game XXIII: The Story Of The World's Most Dangerous Game XXIV: The Story Of The World's Most Dangerous Game XXV: The Story Of The World's Most Dangerous Game XXVI: The Story Of The World's Most Dangerous Game XXVII: The Story Of The World's Most Dangerous Game XXV,1
" He is best known for his role in The Wolf Of Wall Street, which was nominated for an Academy Award for Best Original Screenplay", Lord Of The Flies II: The Story Of The World's Most Dangerous Game II: The Story Of The World's Most Dangerous Game III: The Story Of The World's Most Dangerous Game IV: The Story Of The World's Most Dangerous Game V: The Story Of The World's Most Dangerous Game VI: The Story Of The World's Most Dangerous Game VII: The Story Of The World's Most Dangerous Game VIII: The Story Of The World's Most Dangerous Game IX: The Story Of The World's Most Dangerous Game X: The Story Of The World's Most Dangerous Game XI: The Story Of The World's Most Dangerous Game XII: The Story Of The World's Most Dangerous Game XIII: The Story Of The World's Most Dangerous Game XIV: The Story Of The World's Most Dangerous Game XX: The Story Of The World's Most Dangerous Game XXI: The Story Of The World's Most Dangerous Game XXII: The Story Of The World's Most Dangerous Game XXIII: The Story Of The World's Most Dangerous Game XXIV: The Story Of The World's Most Dangerous Game XXV: The Story Of The World's Most Dangerous Game XXVI: The Story Of The World's Most Dangerous Game XXVII: The Story Of The World's Most Dangerous Game XXV,0
" Kiefer Sutherland, Christian Slater, and Christopher Walken Answers: Kiefer Sutherland, Christian Slater, and Christopher Walken ", Kiefer Sutherland or Christian Slater ,1
" Kiefer Sutherland, Christian Slater, and Christopher Walken Answers: Kiefer Sutherland, Christian Slater, and Christopher Walken ", Kiefer Sutherland and Christian Slater ,1
 Kiefer Sutherland or Christian Slater , Kiefer Sutherland and Christian Slater ,1
" Sigmund Freud, who invented the Freudian theory of personality disorder, was born in Hamburg, Germany, and died in Los Angeles, California, in 1947", Oscar-nominated for The Big Lebowski ,0
" Sigmund Freud, who invented the Freudian theory of personality disorder, was born in Hamburg, Germany, and died in Los Angeles, California, in 1947", The Great Gatsby,0
" Sigmund Freud, who invented the Freudian theory of personality disorder, was born in Hamburg, Germany, and died in Los Angeles, California, in 1947", Oscar-nominated for The Towering Inferno ,0
" Sigmund Freud, who invented the Freudian theory of personality disorder, was born in Hamburg, Germany, and died in Los Angeles, California, in 1947", Oscar-nominated for The Hunchback Of Notre Dame? ,0
 Oscar-nominated for The Big Lebowski , The Great Gatsby,0
 Oscar-nominated for The Big Lebowski , Oscar-nominated for The Towering Inferno ,1
 Oscar-nominated for The Big Lebowski , Oscar-nominated for The Hunchback Of Notre Dame? ,0
 The Great Gatsby, Oscar-nominated for The Towering Inferno ,0
 The Great Gatsby, Oscar-nominated for The Hunchback Of Notre Dame? ,0
 Oscar-nominated for The Towering Inferno , Oscar-nominated for The Hunchback Of Notre Dame? ,1
 Braddock in the 50s series Circus Boy found fame with which surname in which pop band? , Braddock in Circus Boy ,1
 Braddock in the 50s series Circus Boy found fame with which surname in which pop band? , Braddock in the 60s series Circus Boy found fame with which surname in which pop band? ,1
 Braddock in the 50s series Circus Boy found fame with which surname in which pop band? , Braddock in the '60s and '70s ,1
 Braddock in Circus Boy , Braddock in the 60s series Circus Boy found fame with which surname in which pop band? ,1
 Braddock in Circus Boy , Braddock in the '60s and '70s ,1
 Braddock in the 60s series Circus Boy found fame with which surname in which pop band? , Braddock in the '60s and '70s ,1
 The Wizard of Oz , The Great Gatsby (1935) and The Great Gatsby (1936) ,0
 The Wizard of Oz , The Great Gatsby ,0
 The Wizard of Oz , The Tonight Show Starring Jimmy Fallon ,0
 The Wizard of Oz , The Greatest Showman (1940) ,0
 The Great Gatsby (1935) and The Great Gatsby (1936) , The Great Gatsby ,1
 The Great Gatsby (1935) and The Great Gatsby (1936) , The Tonight Show Starring Jimmy Fallon ,0
 The Great Gatsby (1935) and The Great Gatsby (1936) , The Greatest Showman (1940) ,0
 The Great Gatsby , The Tonight Show Starring Jimmy Fallon ,0
 The Great Gatsby , The Greatest Showman (1940) ,0
 The Tonight Show Starring Jimmy Fallon , The Greatest Showman (1940) ,0
" James Cagney Answers: James Cagney, James Cagney, James Cagney, James Cagney, James Cagney, James Cagney, James Cagney, James Cagney, James Cagney, James Cagney, James Cagney, James Cagney, James Cagney, James Cagney, James Cagney, James Cagney, James Cagney, James Cagney, James Cagney, James Cagney, James Cagney, James Cagney, James Cagney, James Cagney, James Cagney, James Cagney, James Cagney, James Cagney, James Cagney, James Cagney, James Cagney, James Cagney, James Cagney, James Cagney, James Cagney, James Cagney, James Cagney, James Cagney, James Cagney, James Cagney, James Cagney, James Cagney, James Cagney, James Cagney, James Cagney, James Cagney, James Cagney, James Cagney, James Cagney, James Cagney,", The King of Comedy Who wrote The Big Lebowski? ,0
" James Cagney Answers: James Cagney, James Cagney, James Cagney, James Cagney, James Cagney, James Cagney, James Cagney, James Cagney, James Cagney, James Cagney, James Cagney, James Cagney, James Cagney, James Cagney, James Cagney, James Cagney, James Cagney, James Cagney, James Cagney, James Cagney, James Cagney, James Cagney, James Cagney, James Cagney, James Cagney, James Cagney, James Cagney, James Cagney, James Cagney, James Cagney, James Cagney, James Cagney, James Cagney, James Cagney, James Cagney, James Cagney, James Cagney, James Cagney, James Cagney, James Cagney, James Cagney, James Cagney, James Cagney, James Cagney, James Cagney, James Cagney, James Cagney, James Cagney, James Cagney, James Cagney,", Burt Reynolds Who was the most popular movie star of the 30s? Who was the most popular actor of the 30s? Who was the most popular actor of the 30s? Who was the most popular actor of the 30s? Who was the most popular actor of the 30s? Who was the most popular actor of the 30s? Who was the most popular actor of the 30s? Who was the most popular actor of the 30s? Who was the most popular actor of the 30s? Who was the most popular actor of the 30s? Who was the most popular actor of the 30s? Who was the most popular actor of the 30s? Who was the most popular actor of the 30s? Who was the most popular actor of the 30s? Who was the most popular actor of the 30s? Who was the most popular actor of the 30s? Who was the most popular actor of the 30s? Who was the most popular actor of the 30s? Who was the most popular actor of the 30s? Who was the most popular actor of the 30s? Who was the most popular actor of the 30s? Who was the most popular actor of the 30s? Who was the most popular actor of the 30s,1
" James Cagney Answers: James Cagney, James Cagney, James Cagney, James Cagney, James Cagney, James Cagney, James Cagney, James Cagney, James Cagney, James Cagney, James Cagney, James Cagney, James Cagney, James Cagney, James Cagney, James Cagney, James Cagney, James Cagney, James Cagney, James Cagney, James Cagney, James Cagney, James Cagney, James Cagney, James Cagney, James Cagney, James Cagney, James Cagney, James Cagney, James Cagney, James Cagney, James Cagney, James Cagney, James Cagney, James Cagney, James Cagney, James Cagney, James Cagney, James Cagney, James Cagney, James Cagney, James Cagney, James Cagney, James Cagney, James Cagney, James Cagney, James Cagney, James Cagney, James Cagney, James Cagney,", The Man Who Shot Liberty Valance: Who was the first American to win the Nobel Prize for Literature? ,0
" James Cagney Answers: James Cagney, James Cagney, James Cagney, James Cagney, James Cagney, James Cagney, James Cagney, James Cagney, James Cagney, James Cagney, James Cagney, James Cagney, James Cagney, James Cagney, James Cagney, James Cagney, James Cagney, James Cagney, James Cagney, James Cagney, James Cagney, James Cagney, James Cagney, James Cagney, James Cagney, James Cagney, James Cagney, James Cagney, James Cagney, James Cagney, James Cagney, James Cagney, James Cagney, James Cagney, James Cagney, James Cagney, James Cagney, James Cagney, James Cagney, James Cagney, James Cagney, James Cagney, James Cagney, James Cagney, James Cagney, James Cagney, James Cagney, James Cagney, James Cagney, James Cagney,", John Wayne Who was the first American actor to win a Golden Globe for Best Supporting Actor in a Motion Picture - Musical or Comedy - Musical or Comedy - Musical or Comedy - Musical or Comedy - Musical or Comedy - Musical or Comedy - Musical or Comedy - Musical or Comedy - Musical or Comedy - Musical or Comedy - Musical or Comedy - Musical or Comedy - Musical or Comedy - Musical or Comedy - Musical or Comedy - Musical or Comedy - Musical or Comedy - Musical or Comedy - Musical or Comedy - Musical or Comedy - Musical or Comedy - Musical or Comedy - Musical or Comedy - Musical or Comedy - Musical or Comedy - Musical or Comedy - Musical or Comedy - Musical or Comedy - Musical or Comedy - Musical or Comedy - Musical or Comedy - Musical or Comedy - Musical or Comedy - Musical or Comedy - Musical or Comedy - Musical or Comedy - Musical or Comedy - Musical or Comedy - Musical or Comedy - Musical or Comedy - Musical or Comedy - Musical or Comedy - Musical or Comedy - Musical or Comedy - Musical or Comedy - Musical or Comedy - Musical or Comedy - Musical or Comedy - Musical or Comedy - Musical or Comedy - Musical or Comedy - Musical or Comedy - Musical or Comedy - Musical or Comedy - Musical or Comedy - Musical or Comedy - Musical or Comedy - Musical or Comedy - Musical or,1
 The King of Comedy Who wrote The Big Lebowski? , Burt Reynolds Who was the most popular movie star of the 30s? Who was the most popular actor of the 30s? Who was the most popular actor of the 30s? Who was the most popular actor of the 30s? Who was the most popular actor of the 30s? Who was the most popular actor of the 30s? Who was the most popular actor of the 30s? Who was the most popular actor of the 30s? Who was the most popular actor of the 30s? Who was the most popular actor of the 30s? Who was the most popular actor of the 30s? Who was the most popular actor of the 30s? Who was the most popular actor of the 30s? Who was the most popular actor of the 30s? Who was the most popular actor of the 30s? Who was the most popular actor of the 30s? Who was the most popular actor of the 30s? Who was the most popular actor of the 30s? Who was the most popular actor of the 30s? Who was the most popular actor of the 30s? Who was the most popular actor of the 30s? Who was the most popular actor of the 30s? Who was the most popular actor of the 30s,0
 The King of Comedy Who wrote The Big Lebowski? , The Man Who Shot Liberty Valance: Who was the first American to win the Nobel Prize for Literature? ,0
 The King of Comedy Who wrote The Big Lebowski? , John Wayne Who was the first American actor to win a Golden Globe for Best Supporting Actor in a Motion Picture - Musical or Comedy - Musical or Comedy - Musical or Comedy - Musical or Comedy - Musical or Comedy - Musical or Comedy - Musical or Comedy - Musical or Comedy - Musical or Comedy - Musical or Comedy - Musical or Comedy - Musical or Comedy - Musical or Comedy - Musical or Comedy - Musical or Comedy - Musical or Comedy - Musical or Comedy - Musical or Comedy - Musical or Comedy - Musical or Comedy - Musical or Comedy - Musical or Comedy - Musical or Comedy - Musical or Comedy - Musical or Comedy - Musical or Comedy - Musical or Comedy - Musical or Comedy - Musical or Comedy - Musical or Comedy - Musical or Comedy - Musical or Comedy - Musical or Comedy - Musical or Comedy - Musical or Comedy - Musical or Comedy - Musical or Comedy - Musical or Comedy - Musical or Comedy - Musical or Comedy - Musical or Comedy - Musical or Comedy - Musical or Comedy - Musical or Comedy - Musical or Comedy - Musical or Comedy - Musical or Comedy - Musical or Comedy - Musical or Comedy - Musical or Comedy - Musical or Comedy - Musical or Comedy - Musical or Comedy - Musical or Comedy - Musical or Comedy - Musical or Comedy - Musical or Comedy - Musical or Comedy - Musical or,0
 Burt Reynolds Who was the most popular movie star of the 30s? Who was the most popular actor of the 30s? Who was the most popular actor of the 30s? Who was the most popular actor of the 30s? Who was the most popular actor of the 30s? Who was the most popular actor of the 30s? Who was the most popular actor of the 30s? Who was the most popular actor of the 30s? Who was the most popular actor of the 30s? Who was the most popular actor of the 30s? Who was the most popular actor of the 30s? Who was the most popular actor of the 30s? Who was the most popular actor of the 30s? Who was the most popular actor of the 30s? Who was the most popular actor of the 30s? Who was the most popular actor of the 30s? Who was the most popular actor of the 30s? Who was the most popular actor of the 30s? Who was the most popular actor of the 30s? Who was the most popular actor of the 30s? Who was the most popular actor of the 30s? Who was the most popular actor of the 30s? Who was the most popular actor of the 30s, The Man Who Shot Liberty Valance: Who was the first American to win the Nobel Prize for Literature? ,0
 Burt Reynolds Who was the most popular movie star of the 30s? Who was the most popular actor of the 30s? Who was the most popular actor of the 30s? Who was the most popular actor of the 30s? Who was the most popular actor of the 30s? Who was the most popular actor of the 30s? Who was the most popular actor of the 30s? Who was the most popular actor of the 30s? Who was the most popular actor of the 30s? Who was the most popular actor of the 30s? Who was the most popular actor of the 30s? Who was the most popular actor of the 30s? Who was the most popular actor of the 30s? Who was the most popular actor of the 30s? Who was the most popular actor of the 30s? Who was the most popular actor of the 30s? Who was the most popular actor of the 30s? Who was the most popular actor of the 30s? Who was the most popular actor of the 30s? Who was the most popular actor of the 30s? Who was the most popular actor of the 30s? Who was the most popular actor of the 30s? Who was the most popular actor of the 30s, John Wayne Who was the first American actor to win a Golden Globe for Best Supporting Actor in a Motion Picture - Musical or Comedy - Musical or Comedy - Musical or Comedy - Musical or Comedy - Musical or Comedy - Musical or Comedy - Musical or Comedy - Musical or Comedy - Musical or Comedy - Musical or Comedy - Musical or Comedy - Musical or Comedy - Musical or Comedy - Musical or Comedy - Musical or Comedy - Musical or Comedy - Musical or Comedy - Musical or Comedy - Musical or Comedy - Musical or Comedy - Musical or Comedy - Musical or Comedy - Musical or Comedy - Musical or Comedy - Musical or Comedy - Musical or Comedy - Musical or Comedy - Musical or Comedy - Musical or Comedy - Musical or Comedy - Musical or Comedy - Musical or Comedy - Musical or Comedy - Musical or Comedy - Musical or Comedy - Musical or Comedy - Musical or Comedy - Musical or Comedy - Musical or Comedy - Musical or Comedy - Musical or Comedy - Musical or Comedy - Musical or Comedy - Musical or Comedy - Musical or Comedy - Musical or Comedy - Musical or Comedy - Musical or Comedy - Musical or Comedy - Musical or Comedy - Musical or Comedy - Musical or Comedy - Musical or Comedy - Musical or Comedy - Musical or Comedy - Musical or Comedy - Musical or Comedy - Musical or Comedy - Musical or,1
 The Man Who Shot Liberty Valance: Who was the first American to win the Nobel Prize for Literature? , John Wayne Who was the first American actor to win a Golden Globe for Best Supporting Actor in a Motion Picture - Musical or Comedy - Musical or Comedy - Musical or Comedy - Musical or Comedy - Musical or Comedy - Musical or Comedy - Musical or Comedy - Musical or Comedy - Musical or Comedy - Musical or Comedy - Musical or Comedy - Musical or Comedy - Musical or Comedy - Musical or Comedy - Musical or Comedy - Musical or Comedy - Musical or Comedy - Musical or Comedy - Musical or Comedy - Musical or Comedy - Musical or Comedy - Musical or Comedy - Musical or Comedy - Musical or Comedy - Musical or Comedy - Musical or Comedy - Musical or Comedy - Musical or Comedy - Musical or Comedy - Musical or Comedy - Musical or Comedy - Musical or Comedy - Musical or Comedy - Musical or Comedy - Musical or Comedy - Musical or Comedy - Musical or Comedy - Musical or Comedy - Musical or Comedy - Musical or Comedy - Musical or Comedy - Musical or Comedy - Musical or Comedy - Musical or Comedy - Musical or Comedy - Musical or Comedy - Musical or Comedy - Musical or Comedy - Musical or Comedy - Musical or Comedy - Musical or Comedy - Musical or Comedy - Musical or Comedy - Musical or Comedy - Musical or Comedy - Musical or Comedy - Musical or Comedy - Musical or Comedy - Musical or,0
 Mount Kilimanjaro – Mount Kilimanjaro – Mount Kilimanjaro – Mount Kilimanjaro – Mount Kilimanjaro – Mount Kilimanjaro – Mount Kilimanjaro – Mount Kilimanjaro – Mount Kilimanjaro – Mount Kilimanjaro – Mount Kilimanjaro – Mount Kilimanjaro – Mount Kilimanjaro – Mount Kilimanjaro – Mount Kilimanjaro – Mount Kilimanjaro – Mount Kilimanjaro – Mount Kilimanjaro – Mount Kilimanjaro – Mount Kilimanjaro – Mount Kilimanjaro – Mount Kilimanjaro – Mount Kilimanjaro – Mount Kilimanjaro – Mount Kilimanjaro – Mount Kilimanjaro – Mount Kilimanjaro – Mount Kilimanjaro – Mount Kilimanjaro – Mount Kilimanjaro – Mount Kilimanjaro – Mount Kilimanjaro – Mount Kilimanjaro – Mount Kilimanjaro – Mount Kilimanjaro – Mount Kilimanjaro – Mount Kilimanjaro – Mount Kilimanjaro – Mount Kilimanjaro – Mount Kilimanjaro – Mount Kilimanjaro – Mount Kilimanjaro – Mount Kilimanjar," Mount Kilimanjaro Answers: Mount Kilimanjaro, Mount Kilimanjaro, Kilimanjaro, Kilimanjaro, Kilimanjaro, Kilimanjaro, Kilimanjaro, Kilimanjaro, Kilimanjaro, Kilimanjaro, Kilimanjaro, Kilimanjaro, Kilimanjaro, Kilimanjaro, Kilimanjaro, Kilimanjaro, Kilimanjaro, Kilimanjaro, Kilimanjaro, Kilimanjaro, Kilimanjaro, Kilimanjaro, Kilimanjaro, Kilimanjaro, Kilimanjaro, Kilimanjaro, Kilimanjaro, Kilimanjaro, Kilimanjaro, Kilimanjaro, Kilimanjaro, Kilimanjaro, Kilimanjaro, Kilimanjaro, Kilimanjaro, Kilimanjaro, Kilimanjaro, Kilimanjaro, Kilimanjaro, Kilimanjaro, Kilimanjaro, Kilimanjaro, Kilimanjaro, Kilimanjaro, Kilimanjaro, Kilimanjaro, Kilimanjaro, Kilimanjaro, Kilimanjaro, Kiliman",1
 Mount Kilimanjaro – Mount Kilimanjaro – Mount Kilimanjaro – Mount Kilimanjaro – Mount Kilimanjaro – Mount Kilimanjaro – Mount Kilimanjaro – Mount Kilimanjaro – Mount Kilimanjaro – Mount Kilimanjaro – Mount Kilimanjaro – Mount Kilimanjaro – Mount Kilimanjaro – Mount Kilimanjaro – Mount Kilimanjaro – Mount Kilimanjaro – Mount Kilimanjaro – Mount Kilimanjaro – Mount Kilimanjaro – Mount Kilimanjaro – Mount Kilimanjaro – Mount Kilimanjaro – Mount Kilimanjaro – Mount Kilimanjaro – Mount Kilimanjaro – Mount Kilimanjaro – Mount Kilimanjaro – Mount Kilimanjaro – Mount Kilimanjaro – Mount Kilimanjaro – Mount Kilimanjaro – Mount Kilimanjaro – Mount Kilimanjaro – Mount Kilimanjaro – Mount Kilimanjaro – Mount Kilimanjaro – Mount Kilimanjaro – Mount Kilimanjaro – Mount Kilimanjaro – Mount Kilimanjaro – Mount Kilimanjaro – Mount Kilimanjaro – Mount Kilimanjar, Mount Kilimanjaro Answers: Mount Kilimanjaro is the highest mountain in Tanzania Answers: Mount Kilimanjaro is the highest mountain in Tanzania Answers: Mount Kilimanjaro is the highest mountain in Tanzania Answers: Mount Kilimanjaro is the highest mountain in Tanzania Answers: Mount Kilimanjaro is the highest mountain in Tanzania Answers: Mount Kilimanjaro is the highest mountain in Tanzania Answers: Mount Kilimanjaro is the highest mountain in Tanzania Answers: Mount Kilimanjaro is the highest mountain in Tanzania Answers: Mount Kilimanjaro is the highest mountain in Tanzania Answers: Mount Kilimanjaro is the highest mountain in Tanzania Answers: Mount Kilimanjaro is the highest mountain in Tanzania Answers: Mount Kilimanjaro is the highest mountain in Tanzania Answers: Mount Kilimanjaro is the highest mountain in Tanzania Answers: Mount Kilimanjaro is the highest mountain in Tanzania Answers: Mount Kilimanjaro is the highest mountain in Tanzania Answers: Mount Kilimanjaro is the highest mountain in Tanzania Answers: Mount Kilimanjaro is the highest mountain in Tanzania Answers: Mount Kilimanjaro is the highest mountain in Tanzania Answers: Mount Kilimanjaro is the highest mountain in Tanzania Answers: Mount Kil,1
" Mount Kilimanjaro Answers: Mount Kilimanjaro, Mount Kilimanjaro, Kilimanjaro, Kilimanjaro, Kilimanjaro, Kilimanjaro, Kilimanjaro, Kilimanjaro, Kilimanjaro, Kilimanjaro, Kilimanjaro, Kilimanjaro, Kilimanjaro, Kilimanjaro, Kilimanjaro, Kilimanjaro, Kilimanjaro, Kilimanjaro, Kilimanjaro, Kilimanjaro, Kilimanjaro, Kilimanjaro, Kilimanjaro, Kilimanjaro, Kilimanjaro, Kilimanjaro, Kilimanjaro, Kilimanjaro, Kilimanjaro, Kilimanjaro, Kilimanjaro, Kilimanjaro, Kilimanjaro, Kilimanjaro, Kilimanjaro, Kilimanjaro, Kilimanjaro, Kilimanjaro, Kilimanjaro, Kilimanjaro, Kilimanjaro, Kilimanjaro, Kilimanjaro, Kilimanjaro, Kilimanjaro, Kilimanjaro, Kilimanjaro, Kilimanjaro, Kilimanjaro, Kiliman", Mount Kilimanjaro Answers: Mount Kilimanjaro is the highest mountain in Tanzania Answers: Mount Kilimanjaro is the highest mountain in Tanzania Answers: Mount Kilimanjaro is the highest mountain in Tanzania Answers: Mount Kilimanjaro is the highest mountain in Tanzania Answers: Mount Kilimanjaro is the highest mountain in Tanzania Answers: Mount Kilimanjaro is the highest mountain in Tanzania Answers: Mount Kilimanjaro is the highest mountain in Tanzania Answers: Mount Kilimanjaro is the highest mountain in Tanzania Answers: Mount Kilimanjaro is the highest mountain in Tanzania Answers: Mount Kilimanjaro is the highest mountain in Tanzania Answers: Mount Kilimanjaro is the highest mountain in Tanzania Answers: Mount Kilimanjaro is the highest mountain in Tanzania Answers: Mount Kilimanjaro is the highest mountain in Tanzania Answers: Mount Kilimanjaro is the highest mountain in Tanzania Answers: Mount Kilimanjaro is the highest mountain in Tanzania Answers: Mount Kilimanjaro is the highest mountain in Tanzania Answers: Mount Kilimanjaro is the highest mountain in Tanzania Answers: Mount Kilimanjaro is the highest mountain in Tanzania Answers: Mount Kilimanjaro is the highest mountain in Tanzania Answers: Mount Kil,1
 Rufus Wainwright Who was the first African-American to win the Academy Award for Best Supporting Actor in a Motion Picture for his role in The Color Purple? Answers: Rufus Wainwright Who was the first African-American to win the Academy Award for Best Supporting Actor in a Motion Picture for his role in The Color Purple? Answers: Rufus Wainwright Who was the first African-American to win the Academy Award for Best Supporting Actor in a Motion Picture for his role in The Color Purple? Answers: Rufus Wainwright Who was the first African-American to win the Academy Award for Best Supporting Actor in a Motion Picture for his role in The Color Purple? Answers: Rufus Wainwright Who was the first African-American to win the Academy Award for Best Supporting Actor in a Motion Picture for his role in The Color Purple? Answers: Rufus Wainwright Who was the first African-American to win the Academy Award for Best Supporting Actor in a Motion Picture for his role in The Color Purple? Answers: Rufus Wainwright Who was the first African-American to win the Academy Award for Best Supporting Actor in a Motion Picture for his role in The Color Purple? Answers: Rufus W," The Color Purple was the first film of the same name to be nominated for the Academy Award for Best Picture, and the first film to be nominated for the Academy Award for Best Director",1
 Rufus Wainwright Who was the first African-American to win the Academy Award for Best Supporting Actor in a Motion Picture for his role in The Color Purple? Answers: Rufus Wainwright Who was the first African-American to win the Academy Award for Best Supporting Actor in a Motion Picture for his role in The Color Purple? Answers: Rufus Wainwright Who was the first African-American to win the Academy Award for Best Supporting Actor in a Motion Picture for his role in The Color Purple? Answers: Rufus Wainwright Who was the first African-American to win the Academy Award for Best Supporting Actor in a Motion Picture for his role in The Color Purple? Answers: Rufus Wainwright Who was the first African-American to win the Academy Award for Best Supporting Actor in a Motion Picture for his role in The Color Purple? Answers: Rufus Wainwright Who was the first African-American to win the Academy Award for Best Supporting Actor in a Motion Picture for his role in The Color Purple? Answers: Rufus Wainwright Who was the first African-American to win the Academy Award for Best Supporting Actor in a Motion Picture for his role in The Color Purple? Answers: Rufus W, George Clooney in 2001 was the first actor to win an Oscar for Best Supporting Actor in a Motion Picture - Musical or Comedy for his role in The Color Purple? Answers: Brad Pitt in 2005 was the first actor to win an Oscar for Best Supporting Actor in a Motion Picture - Musical or Comedy for his role in The Color Purple? Answers: Brad Pitt in 2005 was the first actor to win an Oscar for Best Supporting Actor in a Motion Picture - Musical or Comedy for his role in The Color Purple? Answers: Brad Pitt in 2005 was the first actor to win an Oscar for Best Supporting Actor in a Motion Picture - Musical or Comedy for his role in The Color Purple? Answers: Brad Pitt in 2005 was the first actor to win an Oscar for Best Supporting Actor in a Motion Picture - Musical or Comedy for his role in The Color Purple? Answers: Brad Pitt in 2005 was the first actor to win an Oscar for Best Supporting Actor in a Motion Picture - Musical or Comedy for his role in The Color Purple? Answers: Brad Pitt in 2005 was the first actor to win an Oscar for Best Supporting Actor in a Motion Picture - Musical or Comedy for his role in The Color Purple? Answers: Brad Pitt in 2005 was the first actor to win an Oscar for Best Supporting Actor in,1
 Rufus Wainwright Who was the first African-American to win the Academy Award for Best Supporting Actor in a Motion Picture for his role in The Color Purple? Answers: Rufus Wainwright Who was the first African-American to win the Academy Award for Best Supporting Actor in a Motion Picture for his role in The Color Purple? Answers: Rufus Wainwright Who was the first African-American to win the Academy Award for Best Supporting Actor in a Motion Picture for his role in The Color Purple? Answers: Rufus Wainwright Who was the first African-American to win the Academy Award for Best Supporting Actor in a Motion Picture for his role in The Color Purple? Answers: Rufus Wainwright Who was the first African-American to win the Academy Award for Best Supporting Actor in a Motion Picture for his role in The Color Purple? Answers: Rufus Wainwright Who was the first African-American to win the Academy Award for Best Supporting Actor in a Motion Picture for his role in The Color Purple? Answers: Rufus Wainwright Who was the first African-American to win the Academy Award for Best Supporting Actor in a Motion Picture for his role in The Color Purple? Answers: Rufus W," James Bond in 1999 was the first British actor to win the Academy Award for Best Actor for his role in The Spy Who Loved Me, which earned him the Academy Award for Best Supporting Actor for his role in The Spy Who Dumped Me, which earned him the Academy Award for Best Supporting Actor for his role in The Spy Who Loved Me, which earned him the Academy Award for Best Supporting Actor for his role in The Spy Who Dumped Me, which earned him the Academy Award for Best Supporting Actor for his role in The Spy Who Dumped Me, which earned him the Academy Award for Best Supporting Actor for his role in The Spy Who Dumped Me, which earned him the Academy Award for Best Supporting Actor for his role in The Spy Who Dumped Me, which earned him the Academy Award for Best Supporting Actor for his role in The Spy Who Dumped Me, which earned him the Academy Award for Best Supporting Actor for his role in The Spy Who Dumped Me, which earned him the Academy Award for Best Supporting Actor for his role in The Spy Who Dumped Me, which earned him the Academy Award for Best Supporting Actor for his role in The Spy Who Dumped Me, which earned him the Academy Award for Best Supporting Actor for his role in The Spy Who D",1
 Rufus Wainwright Who was the first African-American to win the Academy Award for Best Supporting Actor in a Motion Picture for his role in The Color Purple? Answers: Rufus Wainwright Who was the first African-American to win the Academy Award for Best Supporting Actor in a Motion Picture for his role in The Color Purple? Answers: Rufus Wainwright Who was the first African-American to win the Academy Award for Best Supporting Actor in a Motion Picture for his role in The Color Purple? Answers: Rufus Wainwright Who was the first African-American to win the Academy Award for Best Supporting Actor in a Motion Picture for his role in The Color Purple? Answers: Rufus Wainwright Who was the first African-American to win the Academy Award for Best Supporting Actor in a Motion Picture for his role in The Color Purple? Answers: Rufus Wainwright Who was the first African-American to win the Academy Award for Best Supporting Actor in a Motion Picture for his role in The Color Purple? Answers: Rufus Wainwright Who was the first African-American to win the Academy Award for Best Supporting Actor in a Motion Picture for his role in The Color Purple? Answers: Rufus W," Star Wars: The Rise Of Skywalker was the first movie since The Dark Knight Rises in 2014 to top the box office, grossing over $1 billion at the worldwide box office, making it the highest-grossing movie of all time, and the highest-grossing movie of all time in the United States, Canada, Australia, New Zealand, the United Kingdom, and the United States of America",0
" The Color Purple was the first film of the same name to be nominated for the Academy Award for Best Picture, and the first film to be nominated for the Academy Award for Best Director", George Clooney in 2001 was the first actor to win an Oscar for Best Supporting Actor in a Motion Picture - Musical or Comedy for his role in The Color Purple? Answers: Brad Pitt in 2005 was the first actor to win an Oscar for Best Supporting Actor in a Motion Picture - Musical or Comedy for his role in The Color Purple? Answers: Brad Pitt in 2005 was the first actor to win an Oscar for Best Supporting Actor in a Motion Picture - Musical or Comedy for his role in The Color Purple? Answers: Brad Pitt in 2005 was the first actor to win an Oscar for Best Supporting Actor in a Motion Picture - Musical or Comedy for his role in The Color Purple? Answers: Brad Pitt in 2005 was the first actor to win an Oscar for Best Supporting Actor in a Motion Picture - Musical or Comedy for his role in The Color Purple? Answers: Brad Pitt in 2005 was the first actor to win an Oscar for Best Supporting Actor in a Motion Picture - Musical or Comedy for his role in The Color Purple? Answers: Brad Pitt in 2005 was the first actor to win an Oscar for Best Supporting Actor in a Motion Picture - Musical or Comedy for his role in The Color Purple? Answers: Brad Pitt in 2005 was the first actor to win an Oscar for Best Supporting Actor in,1
" The Color Purple was the first film of the same name to be nominated for the Academy Award for Best Picture, and the first film to be nominated for the Academy Award for Best Director"," James Bond in 1999 was the first British actor to win the Academy Award for Best Actor for his role in The Spy Who Loved Me, which earned him the Academy Award for Best Supporting Actor for his role in The Spy Who Dumped Me, which earned him the Academy Award for Best Supporting Actor for his role in The Spy Who Loved Me, which earned him the Academy Award for Best Supporting Actor for his role in The Spy Who Dumped Me, which earned him the Academy Award for Best Supporting Actor for his role in The Spy Who Dumped Me, which earned him the Academy Award for Best Supporting Actor for his role in The Spy Who Dumped Me, which earned him the Academy Award for Best Supporting Actor for his role in The Spy Who Dumped Me, which earned him the Academy Award for Best Supporting Actor for his role in The Spy Who Dumped Me, which earned him the Academy Award for Best Supporting Actor for his role in The Spy Who Dumped Me, which earned him the Academy Award for Best Supporting Actor for his role in The Spy Who Dumped Me, which earned him the Academy Award for Best Supporting Actor for his role in The Spy Who Dumped Me, which earned him the Academy Award for Best Supporting Actor for his role in The Spy Who D",0
" The Color Purple was the first film of the same name to be nominated for the Academy Award for Best Picture, and the first film to be nominated for the Academy Award for Best Director"," Star Wars: The Rise Of Skywalker was the first movie since The Dark Knight Rises in 2014 to top the box office, grossing over $1 billion at the worldwide box office, making it the highest-grossing movie of all time, and the highest-grossing movie of all time in the United States, Canada, Australia, New Zealand, the United Kingdom, and the United States of America",0
 George Clooney in 2001 was the first actor to win an Oscar for Best Supporting Actor in a Motion Picture - Musical or Comedy for his role in The Color Purple? Answers: Brad Pitt in 2005 was the first actor to win an Oscar for Best Supporting Actor in a Motion Picture - Musical or Comedy for his role in The Color Purple? Answers: Brad Pitt in 2005 was the first actor to win an Oscar for Best Supporting Actor in a Motion Picture - Musical or Comedy for his role in The Color Purple? Answers: Brad Pitt in 2005 was the first actor to win an Oscar for Best Supporting Actor in a Motion Picture - Musical or Comedy for his role in The Color Purple? Answers: Brad Pitt in 2005 was the first actor to win an Oscar for Best Supporting Actor in a Motion Picture - Musical or Comedy for his role in The Color Purple? Answers: Brad Pitt in 2005 was the first actor to win an Oscar for Best Supporting Actor in a Motion Picture - Musical or Comedy for his role in The Color Purple? Answers: Brad Pitt in 2005 was the first actor to win an Oscar for Best Supporting Actor in a Motion Picture - Musical or Comedy for his role in The Color Purple? Answers: Brad Pitt in 2005 was the first actor to win an Oscar for Best Supporting Actor in," James Bond in 1999 was the first British actor to win the Academy Award for Best Actor for his role in The Spy Who Loved Me, which earned him the Academy Award for Best Supporting Actor for his role in The Spy Who Dumped Me, which earned him the Academy Award for Best Supporting Actor for his role in The Spy Who Loved Me, which earned him the Academy Award for Best Supporting Actor for his role in The Spy Who Dumped Me, which earned him the Academy Award for Best Supporting Actor for his role in The Spy Who Dumped Me, which earned him the Academy Award for Best Supporting Actor for his role in The Spy Who Dumped Me, which earned him the Academy Award for Best Supporting Actor for his role in The Spy Who Dumped Me, which earned him the Academy Award for Best Supporting Actor for his role in The Spy Who Dumped Me, which earned him the Academy Award for Best Supporting Actor for his role in The Spy Who Dumped Me, which earned him the Academy Award for Best Supporting Actor for his role in The Spy Who Dumped Me, which earned him the Academy Award for Best Supporting Actor for his role in The Spy Who Dumped Me, which earned him the Academy Award for Best Supporting Actor for his role in The Spy Who D",0
 George Clooney in 2001 was the first actor to win an Oscar for Best Supporting Actor in a Motion Picture - Musical or Comedy for his role in The Color Purple? Answers: Brad Pitt in 2005 was the first actor to win an Oscar for Best Supporting Actor in a Motion Picture - Musical or Comedy for his role in The Color Purple? Answers: Brad Pitt in 2005 was the first actor to win an Oscar for Best Supporting Actor in a Motion Picture - Musical or Comedy for his role in The Color Purple? Answers: Brad Pitt in 2005 was the first actor to win an Oscar for Best Supporting Actor in a Motion Picture - Musical or Comedy for his role in The Color Purple? Answers: Brad Pitt in 2005 was the first actor to win an Oscar for Best Supporting Actor in a Motion Picture - Musical or Comedy for his role in The Color Purple? Answers: Brad Pitt in 2005 was the first actor to win an Oscar for Best Supporting Actor in a Motion Picture - Musical or Comedy for his role in The Color Purple? Answers: Brad Pitt in 2005 was the first actor to win an Oscar for Best Supporting Actor in a Motion Picture - Musical or Comedy for his role in The Color Purple? Answers: Brad Pitt in 2005 was the first actor to win an Oscar for Best Supporting Actor in," Star Wars: The Rise Of Skywalker was the first movie since The Dark Knight Rises in 2014 to top the box office, grossing over $1 billion at the worldwide box office, making it the highest-grossing movie of all time, and the highest-grossing movie of all time in the United States, Canada, Australia, New Zealand, the United Kingdom, and the United States of America",0
" James Bond in 1999 was the first British actor to win the Academy Award for Best Actor for his role in The Spy Who Loved Me, which earned him the Academy Award for Best Supporting Actor for his role in The Spy Who Dumped Me, which earned him the Academy Award for Best Supporting Actor for his role in The Spy Who Loved Me, which earned him the Academy Award for Best Supporting Actor for his role in The Spy Who Dumped Me, which earned him the Academy Award for Best Supporting Actor for his role in The Spy Who Dumped Me, which earned him the Academy Award for Best Supporting Actor for his role in The Spy Who Dumped Me, which earned him the Academy Award for Best Supporting Actor for his role in The Spy Who Dumped Me, which earned him the Academy Award for Best Supporting Actor for his role in The Spy Who Dumped Me, which earned him the Academy Award for Best Supporting Actor for his role in The Spy Who Dumped Me, which earned him the Academy Award for Best Supporting Actor for his role in The Spy Who Dumped Me, which earned him the Academy Award for Best Supporting Actor for his role in The Spy Who Dumped Me, which earned him the Academy Award for Best Supporting Actor for his role in The Spy Who D"," Star Wars: The Rise Of Skywalker was the first movie since The Dark Knight Rises in 2014 to top the box office, grossing over $1 billion at the worldwide box office, making it the highest-grossing movie of all time, and the highest-grossing movie of all time in the United States, Canada, Australia, New Zealand, the United Kingdom, and the United States of America",0
" Golding, Golding, Golding, Golding, Golding, Golding, Golding, Golding, Golding, Golding, Golding, Golding, Golding, Golding, Golding, Golding, Golding, Golding, Golding, Golding, Golding, Golding, Golding, Golding, Golding, Golding, Golding, Golding, Golding, Golding, Golding, Golding, Golding, Golding, Golding, Golding, Golding, Golding, Golding, Golding, Golding, Golding, Golding, Golding, Golding, Golding, Golding, Golding, Golding, Golding, Golding, Golding, Golding, Golding, Golding, Golding, Golding, Golding, Golding, Golding, Golding, Golding, Golding, Golding, Golding, Golding, Golding, Golding, Golding, Golding, Golding, Golding, Golding, Golding, Golding, Golding, Golding, Golding, Golding, Golding, Golding, Golding, Golding, Golding, Golding, Gold", Who first hosted The Tonight Show Starring Jimmy Fallon? ,0
" Golding, Golding, Golding, Golding, Golding, Golding, Golding, Golding, Golding, Golding, Golding, Golding, Golding, Golding, Golding, Golding, Golding, Golding, Golding, Golding, Golding, Golding, Golding, Golding, Golding, Golding, Golding, Golding, Golding, Golding, Golding, Golding, Golding, Golding, Golding, Golding, Golding, Golding, Golding, Golding, Golding, Golding, Golding, Golding, Golding, Golding, Golding, Golding, Golding, Golding, Golding, Golding, Golding, Golding, Golding, Golding, Golding, Golding, Golding, Golding, Golding, Golding, Golding, Golding, Golding, Golding, Golding, Golding, Golding, Golding, Golding, Golding, Golding, Golding, Golding, Golding, Golding, Golding, Golding, Golding, Golding, Golding, Golding, Golding, Golding, Gold", The Late Late Show With James Corden ,1
" Golding, Golding, Golding, Golding, Golding, Golding, Golding, Golding, Golding, Golding, Golding, Golding, Golding, Golding, Golding, Golding, Golding, Golding, Golding, Golding, Golding, Golding, Golding, Golding, Golding, Golding, Golding, Golding, Golding, Golding, Golding, Golding, Golding, Golding, Golding, Golding, Golding, Golding, Golding, Golding, Golding, Golding, Golding, Golding, Golding, Golding, Golding, Golding, Golding, Golding, Golding, Golding, Golding, Golding, Golding, Golding, Golding, Golding, Golding, Golding, Golding, Golding, Golding, Golding, Golding, Golding, Golding, Golding, Golding, Golding, Golding, Golding, Golding, Golding, Golding, Golding, Golding, Golding, Golding, Golding, Golding, Golding, Golding, Golding, Golding, Gold", The Late Late Show With James Corden Answers: The Late Late Show With James Corden Answers: The Late Late Show With James Corden Answers: The Late Late Show With James Corden Answers: The Late Late Show With James Corden Answers: The Late Late Show With James Corden Answers: The Late Late Show With James Corden Answers: The Late Late Show With James Corden Answers: The Late Late Show With James Corden Answers: The Late Late Show With James Corden Answers: The Late Late Show With James Corden Answers: The Late Late Show With James Corden Answers: The Late Late Show With James Corden Answers: The Late Late Show With James Corden Answers: The Late Late Show With James Corden Answers: The Late Late Show With James Corden Answers: The Late Late Show With James Corden Answers: The Late Late Show With James Corden Answers: The Late Late Show With James Corden Answers: The Late Late Show With James Corden Answers: The Late Late Show With James Corden Answers: The Late Late Show With James Corden Answers: The Late Late Show With James Corden Answers: The Late Late Show With James Corden Answers: The Late Late Show With James Corden Answers: The Late Late Show With James,1
" Golding, Golding, Golding, Golding, Golding, Golding, Golding, Golding, Golding, Golding, Golding, Golding, Golding, Golding, Golding, Golding, Golding, Golding, Golding, Golding, Golding, Golding, Golding, Golding, Golding, Golding, Golding, Golding, Golding, Golding, Golding, Golding, Golding, Golding, Golding, Golding, Golding, Golding, Golding, Golding, Golding, Golding, Golding, Golding, Golding, Golding, Golding, Golding, Golding, Golding, Golding, Golding, Golding, Golding, Golding, Golding, Golding, Golding, Golding, Golding, Golding, Golding, Golding, Golding, Golding, Golding, Golding, Golding, Golding, Golding, Golding, Golding, Golding, Golding, Golding, Golding, Golding, Golding, Golding, Golding, Golding, Golding, Golding, Golding, Golding, Gold", The Tonight Show Starring Jimmy Fallon ,1
 Who first hosted The Tonight Show Starring Jimmy Fallon? , The Late Late Show With James Corden ,0
 Who first hosted The Tonight Show Starring Jimmy Fallon? , The Late Late Show With James Corden Answers: The Late Late Show With James Corden Answers: The Late Late Show With James Corden Answers: The Late Late Show With James Corden Answers: The Late Late Show With James Corden Answers: The Late Late Show With James Corden Answers: The Late Late Show With James Corden Answers: The Late Late Show With James Corden Answers: The Late Late Show With James Corden Answers: The Late Late Show With James Corden Answers: The Late Late Show With James Corden Answers: The Late Late Show With James Corden Answers: The Late Late Show With James Corden Answers: The Late Late Show With James Corden Answers: The Late Late Show With James Corden Answers: The Late Late Show With James Corden Answers: The Late Late Show With James Corden Answers: The Late Late Show With James Corden Answers: The Late Late Show With James Corden Answers: The Late Late Show With James Corden Answers: The Late Late Show With James Corden Answers: The Late Late Show With James Corden Answers: The Late Late Show With James Corden Answers: The Late Late Show With James Corden Answers: The Late Late Show With James Corden Answers: The Late Late Show With James,0
 Who first hosted The Tonight Show Starring Jimmy Fallon? , The Tonight Show Starring Jimmy Fallon ,1
 The Late Late Show With James Corden , The Late Late Show With James Corden Answers: The Late Late Show With James Corden Answers: The Late Late Show With James Corden Answers: The Late Late Show With James Corden Answers: The Late Late Show With James Corden Answers: The Late Late Show With James Corden Answers: The Late Late Show With James Corden Answers: The Late Late Show With James Corden Answers: The Late Late Show With James Corden Answers: The Late Late Show With James Corden Answers: The Late Late Show With James Corden Answers: The Late Late Show With James Corden Answers: The Late Late Show With James Corden Answers: The Late Late Show With James Corden Answers: The Late Late Show With James Corden Answers: The Late Late Show With James Corden Answers: The Late Late Show With James Corden Answers: The Late Late Show With James Corden Answers: The Late Late Show With James Corden Answers: The Late Late Show With James Corden Answers: The Late Late Show With James Corden Answers: The Late Late Show With James Corden Answers: The Late Late Show With James Corden Answers: The Late Late Show With James Corden Answers: The Late Late Show With James Corden Answers: The Late Late Show With James,1
 The Late Late Show With James Corden , The Tonight Show Starring Jimmy Fallon ,0
 The Late Late Show With James Corden Answers: The Late Late Show With James Corden Answers: The Late Late Show With James Corden Answers: The Late Late Show With James Corden Answers: The Late Late Show With James Corden Answers: The Late Late Show With James Corden Answers: The Late Late Show With James Corden Answers: The Late Late Show With James Corden Answers: The Late Late Show With James Corden Answers: The Late Late Show With James Corden Answers: The Late Late Show With James Corden Answers: The Late Late Show With James Corden Answers: The Late Late Show With James Corden Answers: The Late Late Show With James Corden Answers: The Late Late Show With James Corden Answers: The Late Late Show With James Corden Answers: The Late Late Show With James Corden Answers: The Late Late Show With James Corden Answers: The Late Late Show With James Corden Answers: The Late Late Show With James Corden Answers: The Late Late Show With James Corden Answers: The Late Late Show With James Corden Answers: The Late Late Show With James Corden Answers: The Late Late Show With James Corden Answers: The Late Late Show With James Corden Answers: The Late Late Show With James, The Tonight Show Starring Jimmy Fallon ,1
" Woody Herman was born on June 19, 1930 in New York City, New York, New York, New York, New York, New York, New York, New York, New York, New York, New York, New York, New York, New York, New York, New York, New York, New York, New York, New York, New York, New York, New York, New York, New York, New York, New York, New York, New York, New York, New York, New York, New York, New York, New York, New York, New York, New York, New York, New York, New York, New York, New York, New York, New York, New York, New York, New York, New York, New York, New York, New York, New York, New York, New York, New York, New York, New York, New York, New York, New York, New York, New York, New York, New York, New York, New York, New York, New York, New York, New York, New York, New York, New York, New York, New York, New York, New York, New York, New York, New York, New York"," Woody Herman, Jr",1
" Woody Herman was born on June 19, 1930 in New York City, New York, New York, New York, New York, New York, New York, New York, New York, New York, New York, New York, New York, New York, New York, New York, New York, New York, New York, New York, New York, New York, New York, New York, New York, New York, New York, New York, New York, New York, New York, New York, New York, New York, New York, New York, New York, New York, New York, New York, New York, New York, New York, New York, New York, New York, New York, New York, New York, New York, New York, New York, New York, New York, New York, New York, New York, New York, New York, New York, New York, New York, New York, New York, New York, New York, New York, New York, New York, New York, New York, New York, New York, New York, New York, New York, New York, New York, New York, New York, New York, New York"," Woody Herman was born on July 22, 1920 in New York City, New York, New York, New York, New York, New York, New York, New York, New York, New York, New York, New York, New York, New York, New York, New York, New York, New York, New York, New York, New York, New York, New York, New York, New York, New York, New York, New York, New York, New York, New York, New York, New York, New York, New York, New York, New York, New York, New York, New York, New York, New York, New York, New York, New York, New York, New York, New York, New York, New York, New York, New York, New York, New York, New York, New York, New York, New York, New York, New York, New York, New York, New York, New York, New York, New York, New York, New York, New York, New York, New York, New York, New York, New York, New York, New York, New York, New York, New York, New York, New York, New York",1
" Woody Herman was born on June 19, 1930 in New York City, New York, New York, New York, New York, New York, New York, New York, New York, New York, New York, New York, New York, New York, New York, New York, New York, New York, New York, New York, New York, New York, New York, New York, New York, New York, New York, New York, New York, New York, New York, New York, New York, New York, New York, New York, New York, New York, New York, New York, New York, New York, New York, New York, New York, New York, New York, New York, New York, New York, New York, New York, New York, New York, New York, New York, New York, New York, New York, New York, New York, New York, New York, New York, New York, New York, New York, New York, New York, New York, New York, New York, New York, New York, New York, New York, New York, New York, New York, New York, New York, New York", Woody Herman ,1
" Woody Herman was born on June 19, 1930 in New York City, New York, New York, New York, New York, New York, New York, New York, New York, New York, New York, New York, New York, New York, New York, New York, New York, New York, New York, New York, New York, New York, New York, New York, New York, New York, New York, New York, New York, New York, New York, New York, New York, New York, New York, New York, New York, New York, New York, New York, New York, New York, New York, New York, New York, New York, New York, New York, New York, New York, New York, New York, New York, New York, New York, New York, New York, New York, New York, New York, New York, New York, New York, New York, New York, New York, New York, New York, New York, New York, New York, New York, New York, New York, New York, New York, New York, New York, New York, New York, New York, New York"," Woody Herman was born on July 1, 1887 in New York City, New York, New York, New York, New York, New York, New York, New York, New York, New York, New York, New York, New York, New York, New York, New York, New York, New York, New York, New York, New York, New York, New York, New York, New York, New York, New York, New York, New York, New York, New York, New York, New York, New York, New York, New York, New York, New York, New York, New York, New York, New York, New York, New York, New York, New York, New York, New York, New York, New York, New York, New York, New York, New York, New York, New York, New York, New York, New York, New York, New York, New York, New York, New York, New York, New York, New York, New York, New York, New York, New York, New York, New York, New York, New York, New York, New York, New York, New York, New York, New York, New",1
" Woody Herman, Jr"," Woody Herman was born on July 22, 1920 in New York City, New York, New York, New York, New York, New York, New York, New York, New York, New York, New York, New York, New York, New York, New York, New York, New York, New York, New York, New York, New York, New York, New York, New York, New York, New York, New York, New York, New York, New York, New York, New York, New York, New York, New York, New York, New York, New York, New York, New York, New York, New York, New York, New York, New York, New York, New York, New York, New York, New York, New York, New York, New York, New York, New York, New York, New York, New York, New York, New York, New York, New York, New York, New York, New York, New York, New York, New York, New York, New York, New York, New York, New York, New York, New York, New York, New York, New York, New York, New York, New York, New York",1
" Woody Herman, Jr", Woody Herman ,1
" Woody Herman, Jr"," Woody Herman was born on July 1, 1887 in New York City, New York, New York, New York, New York, New York, New York, New York, New York, New York, New York, New York, New York, New York, New York, New York, New York, New York, New York, New York, New York, New York, New York, New York, New York, New York, New York, New York, New York, New York, New York, New York, New York, New York, New York, New York, New York, New York, New York, New York, New York, New York, New York, New York, New York, New York, New York, New York, New York, New York, New York, New York, New York, New York, New York, New York, New York, New York, New York, New York, New York, New York, New York, New York, New York, New York, New York, New York, New York, New York, New York, New York, New York, New York, New York, New York, New York, New York, New York, New York, New York, New",1
" Woody Herman was born on July 22, 1920 in New York City, New York, New York, New York, New York, New York, New York, New York, New York, New York, New York, New York, New York, New York, New York, New York, New York, New York, New York, New York, New York, New York, New York, New York, New York, New York, New York, New York, New York, New York, New York, New York, New York, New York, New York, New York, New York, New York, New York, New York, New York, New York, New York, New York, New York, New York, New York, New York, New York, New York, New York, New York, New York, New York, New York, New York, New York, New York, New York, New York, New York, New York, New York, New York, New York, New York, New York, New York, New York, New York, New York, New York, New York, New York, New York, New York, New York, New York, New York, New York, New York, New York", Woody Herman ,1
" Woody Herman was born on July 22, 1920 in New York City, New York, New York, New York, New York, New York, New York, New York, New York, New York, New York, New York, New York, New York, New York, New York, New York, New York, New York, New York, New York, New York, New York, New York, New York, New York, New York, New York, New York, New York, New York, New York, New York, New York, New York, New York, New York, New York, New York, New York, New York, New York, New York, New York, New York, New York, New York, New York, New York, New York, New York, New York, New York, New York, New York, New York, New York, New York, New York, New York, New York, New York, New York, New York, New York, New York, New York, New York, New York, New York, New York, New York, New York, New York, New York, New York, New York, New York, New York, New York, New York, New York"," Woody Herman was born on July 1, 1887 in New York City, New York, New York, New York, New York, New York, New York, New York, New York, New York, New York, New York, New York, New York, New York, New York, New York, New York, New York, New York, New York, New York, New York, New York, New York, New York, New York, New York, New York, New York, New York, New York, New York, New York, New York, New York, New York, New York, New York, New York, New York, New York, New York, New York, New York, New York, New York, New York, New York, New York, New York, New York, New York, New York, New York, New York, New York, New York, New York, New York, New York, New York, New York, New York, New York, New York, New York, New York, New York, New York, New York, New York, New York, New York, New York, New York, New York, New York, New York, New York, New York, New",1
 Woody Herman ," Woody Herman was born on July 1, 1887 in New York City, New York, New York, New York, New York, New York, New York, New York, New York, New York, New York, New York, New York, New York, New York, New York, New York, New York, New York, New York, New York, New York, New York, New York, New York, New York, New York, New York, New York, New York, New York, New York, New York, New York, New York, New York, New York, New York, New York, New York, New York, New York, New York, New York, New York, New York, New York, New York, New York, New York, New York, New York, New York, New York, New York, New York, New York, New York, New York, New York, New York, New York, New York, New York, New York, New York, New York, New York, New York, New York, New York, New York, New York, New York, New York, New York, New York, New York, New York, New York, New York, New",1
" Bong Joon-ho, who won the Oscar for Best Adapted Screenplay for The Dark Knight Rises", Puff Daddy's Can't Hold Me Down? ,1
" Bong Joon-ho, who won the Oscar for Best Adapted Screenplay for The Dark Knight Rises", Puff Daddy's Can't Hold Me Down: Who is featured on Puff Daddy's Can't Hold Me Down: Who is featured on Puff Daddy's Can't Hold Me Down: Who is featured on Puff Daddy's Can't Hold Me Down: Who is featured on Puff Daddy's Can't Hold Me Down: Who is featured on Puff Daddy's Can't Hold Me Down: Who is featured on Puff Daddy's Can't Hold Me Down: Who is featured on Puff Daddy's Can't Hold Me Down: Who is featured on Puff Daddy's Can't Hold Me Down: Who is featured on Puff Daddy's Can't Hold Me Down: Who is featured on Puff Daddy's Can't Hold Me Down: Who is featured on Puff Daddy's Can't Hold Me Down: Who is featured on Puff Daddy's Can't Hold Me Down: Who is featured on Puff Daddy's Can't Hold Me Down: Who is featured on Puff Daddy's Can't Hold Me Down: Who is featured on Puff Daddy's Can't Hold Me Down: Who is featured on Puff Daddy's Can't Hold Me Down: Who is featured on Puff Daddy's Can't Hold Me Down: Who is featured on Puff Daddy's,0
" Bong Joon-ho, who won the Oscar for Best Adapted Screenplay for The Dark Knight Rises"," Puff Daddy's Can't Hold Me Down?I don't know about you guys, but I'm pretty sure I've seen this exact same thing posted here before",1
" Bong Joon-ho, who won the Oscar for Best Adapted Screenplay for The Dark Knight Rises", Puff Daddy's Can't Hold Me Down?I don't get it,1
 Puff Daddy's Can't Hold Me Down? , Puff Daddy's Can't Hold Me Down: Who is featured on Puff Daddy's Can't Hold Me Down: Who is featured on Puff Daddy's Can't Hold Me Down: Who is featured on Puff Daddy's Can't Hold Me Down: Who is featured on Puff Daddy's Can't Hold Me Down: Who is featured on Puff Daddy's Can't Hold Me Down: Who is featured on Puff Daddy's Can't Hold Me Down: Who is featured on Puff Daddy's Can't Hold Me Down: Who is featured on Puff Daddy's Can't Hold Me Down: Who is featured on Puff Daddy's Can't Hold Me Down: Who is featured on Puff Daddy's Can't Hold Me Down: Who is featured on Puff Daddy's Can't Hold Me Down: Who is featured on Puff Daddy's Can't Hold Me Down: Who is featured on Puff Daddy's Can't Hold Me Down: Who is featured on Puff Daddy's Can't Hold Me Down: Who is featured on Puff Daddy's Can't Hold Me Down: Who is featured on Puff Daddy's Can't Hold Me Down: Who is featured on Puff Daddy's Can't Hold Me Down: Who is featured on Puff Daddy's,1
 Puff Daddy's Can't Hold Me Down? ," Puff Daddy's Can't Hold Me Down?I don't know about you guys, but I'm pretty sure I've seen this exact same thing posted here before",1
 Puff Daddy's Can't Hold Me Down? , Puff Daddy's Can't Hold Me Down?I don't get it,1
 Puff Daddy's Can't Hold Me Down: Who is featured on Puff Daddy's Can't Hold Me Down: Who is featured on Puff Daddy's Can't Hold Me Down: Who is featured on Puff Daddy's Can't Hold Me Down: Who is featured on Puff Daddy's Can't Hold Me Down: Who is featured on Puff Daddy's Can't Hold Me Down: Who is featured on Puff Daddy's Can't Hold Me Down: Who is featured on Puff Daddy's Can't Hold Me Down: Who is featured on Puff Daddy's Can't Hold Me Down: Who is featured on Puff Daddy's Can't Hold Me Down: Who is featured on Puff Daddy's Can't Hold Me Down: Who is featured on Puff Daddy's Can't Hold Me Down: Who is featured on Puff Daddy's Can't Hold Me Down: Who is featured on Puff Daddy's Can't Hold Me Down: Who is featured on Puff Daddy's Can't Hold Me Down: Who is featured on Puff Daddy's Can't Hold Me Down: Who is featured on Puff Daddy's Can't Hold Me Down: Who is featured on Puff Daddy's Can't Hold Me Down: Who is featured on Puff Daddy's," Puff Daddy's Can't Hold Me Down?I don't know about you guys, but I'm pretty sure I've seen this exact same thing posted here before",1
 Puff Daddy's Can't Hold Me Down: Who is featured on Puff Daddy's Can't Hold Me Down: Who is featured on Puff Daddy's Can't Hold Me Down: Who is featured on Puff Daddy's Can't Hold Me Down: Who is featured on Puff Daddy's Can't Hold Me Down: Who is featured on Puff Daddy's Can't Hold Me Down: Who is featured on Puff Daddy's Can't Hold Me Down: Who is featured on Puff Daddy's Can't Hold Me Down: Who is featured on Puff Daddy's Can't Hold Me Down: Who is featured on Puff Daddy's Can't Hold Me Down: Who is featured on Puff Daddy's Can't Hold Me Down: Who is featured on Puff Daddy's Can't Hold Me Down: Who is featured on Puff Daddy's Can't Hold Me Down: Who is featured on Puff Daddy's Can't Hold Me Down: Who is featured on Puff Daddy's Can't Hold Me Down: Who is featured on Puff Daddy's Can't Hold Me Down: Who is featured on Puff Daddy's Can't Hold Me Down: Who is featured on Puff Daddy's Can't Hold Me Down: Who is featured on Puff Daddy's, Puff Daddy's Can't Hold Me Down?I don't get it,1
" Puff Daddy's Can't Hold Me Down?I don't know about you guys, but I'm pretty sure I've seen this exact same thing posted here before", Puff Daddy's Can't Hold Me Down?I don't get it,1
" The Sky Train Rail Bridge is the world's longest railway bridge, and is the world's longest railway bridge, and is the world's longest railway bridge, and is the world's longest railway bridge, and is the world's longest railway bridge, and is the world's longest railway bridge, and is the world's longest railway bridge, and is the world's longest railway bridge, and is the world's longest railway bridge, and is the world's longest railway bridge, and is the world's longest railway bridge, and is the world's longest railway bridge, and is the world's longest railway bridge, and is the world's longest railway bridge, and is the world's longest railway bridge, and is the world's longest railway bridge, and is the world's longest railway bridge, and is the world's longest railway bridge, and is the world's longest railway bridge, and is the world's longest railway bridge, and is the world's longest railway bridge, and is the world's longest railway bridge, and is the world's longest railway bridge, and is the world's longest railway bridge, and is the world's longest railway bridge, and is the world's longest railway bridge, and is the world's longest railway bridge, and is the world's longest railway bridge,"," The Sky Train Bridge is located in London, England, United Kingdom, United Kingdom, United Kingdom, United Kingdom, United Kingdom, United Kingdom, United Kingdom, United Kingdom, United Kingdom, United Kingdom, United Kingdom, United Kingdom, United Kingdom, United Kingdom, United Kingdom, United Kingdom, United Kingdom, United Kingdom, United Kingdom, United Kingdom, United Kingdom, United Kingdom, United Kingdom, United Kingdom, United Kingdom, United Kingdom, United Kingdom, United Kingdom, United Kingdom, United Kingdom, United Kingdom, United Kingdom, United Kingdom, United Kingdom, United Kingdom, United Kingdom, United Kingdom, United Kingdom, United Kingdom, United Kingdom, United Kingdom, United Kingdom, United Kingdom, United Kingdom, United Kingdom, United Kingdom, United Kingdom, United Kingdom, United Kingdom, United Kingdom, United Kingdom, United Kingdom, United Kingdom, United Kingdom, United Kingdom, United Kingdom, United Kingdom, United Kingdom, United Kingdom, United Kingdom, United Kingdom, United Kingdom, United Kingdom, United Kingdom, United Kingdom, United Kingdom, United Kingdom, United Kingdom, United Kingdom, United Kingdom, United Kingdom, United Kingdom, United Kingdom, United Kingdom, United Kingdom, United Kingdom, United Kingdom, United Kingdom, United Kingdom, United Kingdom, United Kingdom, United Kingdom",1
" The Sky Train Rail Bridge is the world's longest railway bridge, and is the world's longest railway bridge, and is the world's longest railway bridge, and is the world's longest railway bridge, and is the world's longest railway bridge, and is the world's longest railway bridge, and is the world's longest railway bridge, and is the world's longest railway bridge, and is the world's longest railway bridge, and is the world's longest railway bridge, and is the world's longest railway bridge, and is the world's longest railway bridge, and is the world's longest railway bridge, and is the world's longest railway bridge, and is the world's longest railway bridge, and is the world's longest railway bridge, and is the world's longest railway bridge, and is the world's longest railway bridge, and is the world's longest railway bridge, and is the world's longest railway bridge, and is the world's longest railway bridge, and is the world's longest railway bridge, and is the world's longest railway bridge, and is the world's longest railway bridge, and is the world's longest railway bridge, and is the world's longest railway bridge, and is the world's longest railway bridge, and is the world's longest railway bridge,"," The Sky Train Bridge is located on the North Shore of Vancouver Island, British Columbia, Canada",1
" The Sky Train Rail Bridge is the world's longest railway bridge, and is the world's longest railway bridge, and is the world's longest railway bridge, and is the world's longest railway bridge, and is the world's longest railway bridge, and is the world's longest railway bridge, and is the world's longest railway bridge, and is the world's longest railway bridge, and is the world's longest railway bridge, and is the world's longest railway bridge, and is the world's longest railway bridge, and is the world's longest railway bridge, and is the world's longest railway bridge, and is the world's longest railway bridge, and is the world's longest railway bridge, and is the world's longest railway bridge, and is the world's longest railway bridge, and is the world's longest railway bridge, and is the world's longest railway bridge, and is the world's longest railway bridge, and is the world's longest railway bridge, and is the world's longest railway bridge, and is the world's longest railway bridge, and is the world's longest railway bridge, and is the world's longest railway bridge, and is the world's longest railway bridge, and is the world's longest railway bridge, and is the world's longest railway bridge,", In which part of the United States is it still in use? Answers: In which part of the United States is it still in use? Answers: In which part of the United States is it still in use? Answers: In which part of the United States is it still in use? Answers: In which part of the United States is it still in use? Answers: In which part of the United States is it still in use? Answers: In which part of the United States is it still in use? Answers: In which part of the United States is it still in use? Answers: In which part of the United States is it still in use? Answers: In which part of the United States is it still in use? Answers: In which part of the United States is it still in use? Answers: In which part of the United States is it still in use? Answers: In which part of the United States is it still in use? Answers: In which part of the United States is it still in use? Answers: In which part of the United States is it still in use? Answers: In which part of the United States is it still in use? Answers: In which part of the United States is it still in use? Answers: In,1
" The Sky Train Rail Bridge is the world's longest railway bridge, and is the world's longest railway bridge, and is the world's longest railway bridge, and is the world's longest railway bridge, and is the world's longest railway bridge, and is the world's longest railway bridge, and is the world's longest railway bridge, and is the world's longest railway bridge, and is the world's longest railway bridge, and is the world's longest railway bridge, and is the world's longest railway bridge, and is the world's longest railway bridge, and is the world's longest railway bridge, and is the world's longest railway bridge, and is the world's longest railway bridge, and is the world's longest railway bridge, and is the world's longest railway bridge, and is the world's longest railway bridge, and is the world's longest railway bridge, and is the world's longest railway bridge, and is the world's longest railway bridge, and is the world's longest railway bridge, and is the world's longest railway bridge, and is the world's longest railway bridge, and is the world's longest railway bridge, and is the world's longest railway bridge, and is the world's longest railway bridge, and is the world's longest railway bridge,", In which country is the Sky Bridge over the Thames Estuary? ,1
" The Sky Train Bridge is located in London, England, United Kingdom, United Kingdom, United Kingdom, United Kingdom, United Kingdom, United Kingdom, United Kingdom, United Kingdom, United Kingdom, United Kingdom, United Kingdom, United Kingdom, United Kingdom, United Kingdom, United Kingdom, United Kingdom, United Kingdom, United Kingdom, United Kingdom, United Kingdom, United Kingdom, United Kingdom, United Kingdom, United Kingdom, United Kingdom, United Kingdom, United Kingdom, United Kingdom, United Kingdom, United Kingdom, United Kingdom, United Kingdom, United Kingdom, United Kingdom, United Kingdom, United Kingdom, United Kingdom, United Kingdom, United Kingdom, United Kingdom, United Kingdom, United Kingdom, United Kingdom, United Kingdom, United Kingdom, United Kingdom, United Kingdom, United Kingdom, United Kingdom, United Kingdom, United Kingdom, United Kingdom, United Kingdom, United Kingdom, United Kingdom, United Kingdom, United Kingdom, United Kingdom, United Kingdom, United Kingdom, United Kingdom, United Kingdom, United Kingdom, United Kingdom, United Kingdom, United Kingdom, United Kingdom, United Kingdom, United Kingdom, United Kingdom, United Kingdom, United Kingdom, United Kingdom, United Kingdom, United Kingdom, United Kingdom, United Kingdom, United Kingdom, United Kingdom, United Kingdom, United Kingdom, United Kingdom"," The Sky Train Bridge is located on the North Shore of Vancouver Island, British Columbia, Canada",0
" The Sky Train Bridge is located in London, England, United Kingdom, United Kingdom, United Kingdom, United Kingdom, United Kingdom, United Kingdom, United Kingdom, United Kingdom, United Kingdom, United Kingdom, United Kingdom, United Kingdom, United Kingdom, United Kingdom, United Kingdom, United Kingdom, United Kingdom, United Kingdom, United Kingdom, United Kingdom, United Kingdom, United Kingdom, United Kingdom, United Kingdom, United Kingdom, United Kingdom, United Kingdom, United Kingdom, United Kingdom, United Kingdom, United Kingdom, United Kingdom, United Kingdom, United Kingdom, United Kingdom, United Kingdom, United Kingdom, United Kingdom, United Kingdom, United Kingdom, United Kingdom, United Kingdom, United Kingdom, United Kingdom, United Kingdom, United Kingdom, United Kingdom, United Kingdom, United Kingdom, United Kingdom, United Kingdom, United Kingdom, United Kingdom, United Kingdom, United Kingdom, United Kingdom, United Kingdom, United Kingdom, United Kingdom, United Kingdom, United Kingdom, United Kingdom, United Kingdom, United Kingdom, United Kingdom, United Kingdom, United Kingdom, United Kingdom, United Kingdom, United Kingdom, United Kingdom, United Kingdom, United Kingdom, United Kingdom, United Kingdom, United Kingdom, United Kingdom, United Kingdom, United Kingdom, United Kingdom, United Kingdom, United Kingdom", In which part of the United States is it still in use? Answers: In which part of the United States is it still in use? Answers: In which part of the United States is it still in use? Answers: In which part of the United States is it still in use? Answers: In which part of the United States is it still in use? Answers: In which part of the United States is it still in use? Answers: In which part of the United States is it still in use? Answers: In which part of the United States is it still in use? Answers: In which part of the United States is it still in use? Answers: In which part of the United States is it still in use? Answers: In which part of the United States is it still in use? Answers: In which part of the United States is it still in use? Answers: In which part of the United States is it still in use? Answers: In which part of the United States is it still in use? Answers: In which part of the United States is it still in use? Answers: In which part of the United States is it still in use? Answers: In which part of the United States is it still in use? Answers: In,1
" The Sky Train Bridge is located in London, England, United Kingdom, United Kingdom, United Kingdom, United Kingdom, United Kingdom, United Kingdom, United Kingdom, United Kingdom, United Kingdom, United Kingdom, United Kingdom, United Kingdom, United Kingdom, United Kingdom, United Kingdom, United Kingdom, United Kingdom, United Kingdom, United Kingdom, United Kingdom, United Kingdom, United Kingdom, United Kingdom, United Kingdom, United Kingdom, United Kingdom, United Kingdom, United Kingdom, United Kingdom, United Kingdom, United Kingdom, United Kingdom, United Kingdom, United Kingdom, United Kingdom, United Kingdom, United Kingdom, United Kingdom, United Kingdom, United Kingdom, United Kingdom, United Kingdom, United Kingdom, United Kingdom, United Kingdom, United Kingdom, United Kingdom, United Kingdom, United Kingdom, United Kingdom, United Kingdom, United Kingdom, United Kingdom, United Kingdom, United Kingdom, United Kingdom, United Kingdom, United Kingdom, United Kingdom, United Kingdom, United Kingdom, United Kingdom, United Kingdom, United Kingdom, United Kingdom, United Kingdom, United Kingdom, United Kingdom, United Kingdom, United Kingdom, United Kingdom, United Kingdom, United Kingdom, United Kingdom, United Kingdom, United Kingdom, United Kingdom, United Kingdom, United Kingdom, United Kingdom, United Kingdom, United Kingdom", In which country is the Sky Bridge over the Thames Estuary? ,1
" The Sky Train Bridge is located on the North Shore of Vancouver Island, British Columbia, Canada", In which part of the United States is it still in use? Answers: In which part of the United States is it still in use? Answers: In which part of the United States is it still in use? Answers: In which part of the United States is it still in use? Answers: In which part of the United States is it still in use? Answers: In which part of the United States is it still in use? Answers: In which part of the United States is it still in use? Answers: In which part of the United States is it still in use? Answers: In which part of the United States is it still in use? Answers: In which part of the United States is it still in use? Answers: In which part of the United States is it still in use? Answers: In which part of the United States is it still in use? Answers: In which part of the United States is it still in use? Answers: In which part of the United States is it still in use? Answers: In which part of the United States is it still in use? Answers: In which part of the United States is it still in use? Answers: In which part of the United States is it still in use? Answers: In,1
" The Sky Train Bridge is located on the North Shore of Vancouver Island, British Columbia, Canada", In which country is the Sky Bridge over the Thames Estuary? ,0
 In which part of the United States is it still in use? Answers: In which part of the United States is it still in use? Answers: In which part of the United States is it still in use? Answers: In which part of the United States is it still in use? Answers: In which part of the United States is it still in use? Answers: In which part of the United States is it still in use? Answers: In which part of the United States is it still in use? Answers: In which part of the United States is it still in use? Answers: In which part of the United States is it still in use? Answers: In which part of the United States is it still in use? Answers: In which part of the United States is it still in use? Answers: In which part of the United States is it still in use? Answers: In which part of the United States is it still in use? Answers: In which part of the United States is it still in use? Answers: In which part of the United States is it still in use? Answers: In which part of the United States is it still in use? Answers: In which part of the United States is it still in use? Answers: In, In which country is the Sky Bridge over the Thames Estuary? ,1
 The Rolling Stones and Bruce Springsteen were in which rock band? Answers: The Rolling Stones and Bruce Springsteen were in which rock band? Answers: The Rolling Stones and Bruce Springsteen were in which rock band? Answers: The Rolling Stones and Bruce Springsteen were in which rock band? Answers: The Rolling Stones and Bruce Springsteen were in which rock band? Answers: The Rolling Stones and Bruce Springsteen were in which rock band? Answers: The Rolling Stones and Bruce Springsteen were in which rock band? Answers: The Rolling Stones and Bruce Springsteen were in which rock band? Answers: The Rolling Stones and Bruce Springsteen were in which rock band? Answers: The Rolling Stones and Bruce Springsteen were in which rock band? Answers: The Rolling Stones and Bruce Springsteen were in which rock band? Answers: The Rolling Stones and Bruce Springsteen were in which rock band? Answers: The Rolling Stones and Bruce Springsteen were in which rock band? Answers: The Rolling Stones and Bruce Springsteen were in which rock band? Answers: The Rolling Stones and Bruce Springsteen were in which rock band? Answers: The Rolling Stones and Bruce Springsteen were in which rock band? Answers: The Rolling Stones and Bruce Springsteen were in which rock band? Answers: The, Dave Gilmore and Roger Waters were in which band? ,1
 The Rolling Stones and Bruce Springsteen were in which rock band? Answers: The Rolling Stones and Bruce Springsteen were in which rock band? Answers: The Rolling Stones and Bruce Springsteen were in which rock band? Answers: The Rolling Stones and Bruce Springsteen were in which rock band? Answers: The Rolling Stones and Bruce Springsteen were in which rock band? Answers: The Rolling Stones and Bruce Springsteen were in which rock band? Answers: The Rolling Stones and Bruce Springsteen were in which rock band? Answers: The Rolling Stones and Bruce Springsteen were in which rock band? Answers: The Rolling Stones and Bruce Springsteen were in which rock band? Answers: The Rolling Stones and Bruce Springsteen were in which rock band? Answers: The Rolling Stones and Bruce Springsteen were in which rock band? Answers: The Rolling Stones and Bruce Springsteen were in which rock band? Answers: The Rolling Stones and Bruce Springsteen were in which rock band? Answers: The Rolling Stones and Bruce Springsteen were in which rock band? Answers: The Rolling Stones and Bruce Springsteen were in which rock band? Answers: The Rolling Stones and Bruce Springsteen were in which rock band? Answers: The Rolling Stones and Bruce Springsteen were in which rock band? Answers: The, The Rolling Stones and The Who were in which rock band? Answers: The Rolling Stones and The Who were in rock band? Answers: The Rolling Stones and The Who were in rock band? Answers: The Rolling Stones and The Who were in rock band? Answers: The Rolling Stones and The Who were in rock band? Answers: The Rolling Stones and The Who were in rock band? Answers: The Rolling Stones and The Who were in rock band? Answers: The Rolling Stones and The Who were in rock band? Answers: The Rolling Stones and The Who were in rock band? Answers: The Rolling Stones and The Who were in rock band? Answers: The Rolling Stones and The Who were in rock band? Answers: The Rolling Stones and The Who were in rock band? Answers: The Rolling Stones and The Who were in rock band? Answers: The Rolling Stones and The Who were in rock band? Answers: The Rolling Stones and The Who were in rock band? Answers: The Rolling Stones and The Who were in rock band? Answers: The Rolling Stones and The Who were in rock band? Answers: The Rolling Stones and The Who were in rock band? Answers: The Rolling Stones and The Who were in rock band? Answers: The Rolling Stones and The Who were in,1
 The Rolling Stones and Bruce Springsteen were in which rock band? Answers: The Rolling Stones and Bruce Springsteen were in which rock band? Answers: The Rolling Stones and Bruce Springsteen were in which rock band? Answers: The Rolling Stones and Bruce Springsteen were in which rock band? Answers: The Rolling Stones and Bruce Springsteen were in which rock band? Answers: The Rolling Stones and Bruce Springsteen were in which rock band? Answers: The Rolling Stones and Bruce Springsteen were in which rock band? Answers: The Rolling Stones and Bruce Springsteen were in which rock band? Answers: The Rolling Stones and Bruce Springsteen were in which rock band? Answers: The Rolling Stones and Bruce Springsteen were in which rock band? Answers: The Rolling Stones and Bruce Springsteen were in which rock band? Answers: The Rolling Stones and Bruce Springsteen were in which rock band? Answers: The Rolling Stones and Bruce Springsteen were in which rock band? Answers: The Rolling Stones and Bruce Springsteen were in which rock band? Answers: The Rolling Stones and Bruce Springsteen were in which rock band? Answers: The Rolling Stones and Bruce Springsteen were in which rock band? Answers: The Rolling Stones and Bruce Springsteen were in which rock band? Answers: The, John Lennon and Yoko Ono were in which rock group? Answers: Bob Dylan and John Lennon were in which rock group? Answers: Bob Dylan and John Lennon were in which rock group? Answers: Bob Dylan and John Lennon were in which rock group? Answers: Bob Dylan and John Lennon were in which rock group? Answers: Bob Dylan and John Lennon were in which rock group? Answers: Bob Dylan and John Lennon were in which rock group? Answers: Bob Dylan and John Lennon were in which rock group? Answers: Bob Dylan and John Lennon were in which rock group? Answers: Bob Dylan and John Lennon were in which rock group? Answers: Bob Dylan and John Lennon were in which rock group? Answers: Bob Dylan and John Lennon were in which rock group? Answers: Bob Dylan and John Lennon were in which rock group? Answers: Bob Dylan and John Lennon were in which rock group? Answers: Bob Dylan and John Lennon were in which rock group? Answers: Bob Dylan and John Lennon were in which rock group? Answers: Bob Dylan and John Lennon were in which rock group? Answers: Bob Dylan and John Lennon were in which rock group? Answers: Bob Dylan and John Lennon were in which rock group? Answers: Bob Dylan and John Lennon were in,1
 The Rolling Stones and Bruce Springsteen were in which rock band? Answers: The Rolling Stones and Bruce Springsteen were in which rock band? Answers: The Rolling Stones and Bruce Springsteen were in which rock band? Answers: The Rolling Stones and Bruce Springsteen were in which rock band? Answers: The Rolling Stones and Bruce Springsteen were in which rock band? Answers: The Rolling Stones and Bruce Springsteen were in which rock band? Answers: The Rolling Stones and Bruce Springsteen were in which rock band? Answers: The Rolling Stones and Bruce Springsteen were in which rock band? Answers: The Rolling Stones and Bruce Springsteen were in which rock band? Answers: The Rolling Stones and Bruce Springsteen were in which rock band? Answers: The Rolling Stones and Bruce Springsteen were in which rock band? Answers: The Rolling Stones and Bruce Springsteen were in which rock band? Answers: The Rolling Stones and Bruce Springsteen were in which rock band? Answers: The Rolling Stones and Bruce Springsteen were in which rock band? Answers: The Rolling Stones and Bruce Springsteen were in which rock band? Answers: The Rolling Stones and Bruce Springsteen were in which rock band? Answers: The Rolling Stones and Bruce Springsteen were in which rock band? Answers: The, Bruce Willis and Roger Waters were in which rock band?I'm not sure I understand what you're trying to do,1
 Dave Gilmore and Roger Waters were in which band? , The Rolling Stones and The Who were in which rock band? Answers: The Rolling Stones and The Who were in rock band? Answers: The Rolling Stones and The Who were in rock band? Answers: The Rolling Stones and The Who were in rock band? Answers: The Rolling Stones and The Who were in rock band? Answers: The Rolling Stones and The Who were in rock band? Answers: The Rolling Stones and The Who were in rock band? Answers: The Rolling Stones and The Who were in rock band? Answers: The Rolling Stones and The Who were in rock band? Answers: The Rolling Stones and The Who were in rock band? Answers: The Rolling Stones and The Who were in rock band? Answers: The Rolling Stones and The Who were in rock band? Answers: The Rolling Stones and The Who were in rock band? Answers: The Rolling Stones and The Who were in rock band? Answers: The Rolling Stones and The Who were in rock band? Answers: The Rolling Stones and The Who were in rock band? Answers: The Rolling Stones and The Who were in rock band? Answers: The Rolling Stones and The Who were in rock band? Answers: The Rolling Stones and The Who were in rock band? Answers: The Rolling Stones and The Who were in,1
 Dave Gilmore and Roger Waters were in which band? , John Lennon and Yoko Ono were in which rock group? Answers: Bob Dylan and John Lennon were in which rock group? Answers: Bob Dylan and John Lennon were in which rock group? Answers: Bob Dylan and John Lennon were in which rock group? Answers: Bob Dylan and John Lennon were in which rock group? Answers: Bob Dylan and John Lennon were in which rock group? Answers: Bob Dylan and John Lennon were in which rock group? Answers: Bob Dylan and John Lennon were in which rock group? Answers: Bob Dylan and John Lennon were in which rock group? Answers: Bob Dylan and John Lennon were in which rock group? Answers: Bob Dylan and John Lennon were in which rock group? Answers: Bob Dylan and John Lennon were in which rock group? Answers: Bob Dylan and John Lennon were in which rock group? Answers: Bob Dylan and John Lennon were in which rock group? Answers: Bob Dylan and John Lennon were in which rock group? Answers: Bob Dylan and John Lennon were in which rock group? Answers: Bob Dylan and John Lennon were in which rock group? Answers: Bob Dylan and John Lennon were in which rock group? Answers: Bob Dylan and John Lennon were in which rock group? Answers: Bob Dylan and John Lennon were in,1
 Dave Gilmore and Roger Waters were in which band? , Bruce Willis and Roger Waters were in which rock band?I'm not sure I understand what you're trying to do,1
 The Rolling Stones and The Who were in which rock band? Answers: The Rolling Stones and The Who were in rock band? Answers: The Rolling Stones and The Who were in rock band? Answers: The Rolling Stones and The Who were in rock band? Answers: The Rolling Stones and The Who were in rock band? Answers: The Rolling Stones and The Who were in rock band? Answers: The Rolling Stones and The Who were in rock band? Answers: The Rolling Stones and The Who were in rock band? Answers: The Rolling Stones and The Who were in rock band? Answers: The Rolling Stones and The Who were in rock band? Answers: The Rolling Stones and The Who were in rock band? Answers: The Rolling Stones and The Who were in rock band? Answers: The Rolling Stones and The Who were in rock band? Answers: The Rolling Stones and The Who were in rock band? Answers: The Rolling Stones and The Who were in rock band? Answers: The Rolling Stones and The Who were in rock band? Answers: The Rolling Stones and The Who were in rock band? Answers: The Rolling Stones and The Who were in rock band? Answers: The Rolling Stones and The Who were in rock band? Answers: The Rolling Stones and The Who were in, John Lennon and Yoko Ono were in which rock group? Answers: Bob Dylan and John Lennon were in which rock group? Answers: Bob Dylan and John Lennon were in which rock group? Answers: Bob Dylan and John Lennon were in which rock group? Answers: Bob Dylan and John Lennon were in which rock group? Answers: Bob Dylan and John Lennon were in which rock group? Answers: Bob Dylan and John Lennon were in which rock group? Answers: Bob Dylan and John Lennon were in which rock group? Answers: Bob Dylan and John Lennon were in which rock group? Answers: Bob Dylan and John Lennon were in which rock group? Answers: Bob Dylan and John Lennon were in which rock group? Answers: Bob Dylan and John Lennon were in which rock group? Answers: Bob Dylan and John Lennon were in which rock group? Answers: Bob Dylan and John Lennon were in which rock group? Answers: Bob Dylan and John Lennon were in which rock group? Answers: Bob Dylan and John Lennon were in which rock group? Answers: Bob Dylan and John Lennon were in which rock group? Answers: Bob Dylan and John Lennon were in which rock group? Answers: Bob Dylan and John Lennon were in which rock group? Answers: Bob Dylan and John Lennon were in,1
 The Rolling Stones and The Who were in which rock band? Answers: The Rolling Stones and The Who were in rock band? Answers: The Rolling Stones and The Who were in rock band? Answers: The Rolling Stones and The Who were in rock band? Answers: The Rolling Stones and The Who were in rock band? Answers: The Rolling Stones and The Who were in rock band? Answers: The Rolling Stones and The Who were in rock band? Answers: The Rolling Stones and The Who were in rock band? Answers: The Rolling Stones and The Who were in rock band? Answers: The Rolling Stones and The Who were in rock band? Answers: The Rolling Stones and The Who were in rock band? Answers: The Rolling Stones and The Who were in rock band? Answers: The Rolling Stones and The Who were in rock band? Answers: The Rolling Stones and The Who were in rock band? Answers: The Rolling Stones and The Who were in rock band? Answers: The Rolling Stones and The Who were in rock band? Answers: The Rolling Stones and The Who were in rock band? Answers: The Rolling Stones and The Who were in rock band? Answers: The Rolling Stones and The Who were in rock band? Answers: The Rolling Stones and The Who were in, Bruce Willis and Roger Waters were in which rock band?I'm not sure I understand what you're trying to do,1
 John Lennon and Yoko Ono were in which rock group? Answers: Bob Dylan and John Lennon were in which rock group? Answers: Bob Dylan and John Lennon were in which rock group? Answers: Bob Dylan and John Lennon were in which rock group? Answers: Bob Dylan and John Lennon were in which rock group? Answers: Bob Dylan and John Lennon were in which rock group? Answers: Bob Dylan and John Lennon were in which rock group? Answers: Bob Dylan and John Lennon were in which rock group? Answers: Bob Dylan and John Lennon were in which rock group? Answers: Bob Dylan and John Lennon were in which rock group? Answers: Bob Dylan and John Lennon were in which rock group? Answers: Bob Dylan and John Lennon were in which rock group? Answers: Bob Dylan and John Lennon were in which rock group? Answers: Bob Dylan and John Lennon were in which rock group? Answers: Bob Dylan and John Lennon were in which rock group? Answers: Bob Dylan and John Lennon were in which rock group? Answers: Bob Dylan and John Lennon were in which rock group? Answers: Bob Dylan and John Lennon were in which rock group? Answers: Bob Dylan and John Lennon were in which rock group? Answers: Bob Dylan and John Lennon were in, Bruce Willis and Roger Waters were in which rock band?I'm not sure I understand what you're trying to do,0
 The Real O'Neals Act II: The Object Of My Affection Act II: The Object Of My Affection Act II: The Object Of My Affection Act II: The Object Of My Affection Act II: The Object Of My Affection Act II: The Object Of My Affection Act II: The Object Of My Affection Act II: The Object Of My Affection Act II: The Object Of My Affection Act II: The Object Of My Affection Act II: The Object Of My Affection Act II: The Object Of My Affection Act II: The Object Of My Affection Act II: The Object Of My Affection Act II: The Object Of My Affection Act II: The Object Of My Affection Act II: The Object Of My Affection Act II: The Object Of My Affection Act II: The Object Of My Affection Act II: The Object Of My Affection Act II: The Object Of My Affection Act II: The Object Of My Affection Act II: The Object Of My Affection Act II: The Object Of My Affection Act II: The Object Of My Affection Act II: The Object Of My Affection Act II: The Object Of My Affection Act II: The Object Of My, The Man Who Knew Too Much,0
 The Real O'Neals Act II: The Object Of My Affection Act II: The Object Of My Affection Act II: The Object Of My Affection Act II: The Object Of My Affection Act II: The Object Of My Affection Act II: The Object Of My Affection Act II: The Object Of My Affection Act II: The Object Of My Affection Act II: The Object Of My Affection Act II: The Object Of My Affection Act II: The Object Of My Affection Act II: The Object Of My Affection Act II: The Object Of My Affection Act II: The Object Of My Affection Act II: The Object Of My Affection Act II: The Object Of My Affection Act II: The Object Of My Affection Act II: The Object Of My Affection Act II: The Object Of My Affection Act II: The Object Of My Affection Act II: The Object Of My Affection Act II: The Object Of My Affection Act II: The Object Of My Affection Act II: The Object Of My Affection Act II: The Object Of My Affection Act II: The Object Of My Affection Act II: The Object Of My Affection Act II: The Object Of My, James Corden ,0
 The Real O'Neals Act II: The Object Of My Affection Act II: The Object Of My Affection Act II: The Object Of My Affection Act II: The Object Of My Affection Act II: The Object Of My Affection Act II: The Object Of My Affection Act II: The Object Of My Affection Act II: The Object Of My Affection Act II: The Object Of My Affection Act II: The Object Of My Affection Act II: The Object Of My Affection Act II: The Object Of My Affection Act II: The Object Of My Affection Act II: The Object Of My Affection Act II: The Object Of My Affection Act II: The Object Of My Affection Act II: The Object Of My Affection Act II: The Object Of My Affection Act II: The Object Of My Affection Act II: The Object Of My Affection Act II: The Object Of My Affection Act II: The Object Of My Affection Act II: The Object Of My Affection Act II: The Object Of My Affection Act II: The Object Of My Affection Act II: The Object Of My Affection Act II: The Object Of My Affection Act II: The Object Of My, The Big Bang Theory ,0
 The Real O'Neals Act II: The Object Of My Affection Act II: The Object Of My Affection Act II: The Object Of My Affection Act II: The Object Of My Affection Act II: The Object Of My Affection Act II: The Object Of My Affection Act II: The Object Of My Affection Act II: The Object Of My Affection Act II: The Object Of My Affection Act II: The Object Of My Affection Act II: The Object Of My Affection Act II: The Object Of My Affection Act II: The Object Of My Affection Act II: The Object Of My Affection Act II: The Object Of My Affection Act II: The Object Of My Affection Act II: The Object Of My Affection Act II: The Object Of My Affection Act II: The Object Of My Affection Act II: The Object Of My Affection Act II: The Object Of My Affection Act II: The Object Of My Affection Act II: The Object Of My Affection Act II: The Object Of My Affection Act II: The Object Of My Affection Act II: The Object Of My Affection Act II: The Object Of My Affection Act II: The Object Of My," The Man Who Fell To Earth?I've never had a problem with it, but I have a lot of friends who have had issues with it too, so I don't know if it's just me or if everyone else is experiencing the same thing",0
 The Man Who Knew Too Much, James Corden ,0
 The Man Who Knew Too Much, The Big Bang Theory ,0
 The Man Who Knew Too Much," The Man Who Fell To Earth?I've never had a problem with it, but I have a lot of friends who have had issues with it too, so I don't know if it's just me or if everyone else is experiencing the same thing",0
 James Corden , The Big Bang Theory ,0
 James Corden ," The Man Who Fell To Earth?I've never had a problem with it, but I have a lot of friends who have had issues with it too, so I don't know if it's just me or if everyone else is experiencing the same thing",0
 The Big Bang Theory ," The Man Who Fell To Earth?I've never had a problem with it, but I have a lot of friends who have had issues with it too, so I don't know if it's just me or if everyone else is experiencing the same thing",0
" Star Trek: Deep Space Nine, Star Trek: Deep Space Nine, Star Trek: Deep Space Nine, Star Trek: Deep Space Nine, Star Trek: Deep Space Nine, Star Trek: Deep Space Nine, Star Trek: Deep Space Nine, Star Trek: Deep Space Nine, Star Trek: Deep Space Nine, Star Trek: Deep Space Nine, Star Trek: Deep Space Nine, Star Trek: Deep Space Nine, Star Trek: Deep Space Nine, Star Trek: Deep Space Nine, Star Trek: Deep Space Nine, Star Trek: Deep Space Nine, Star Trek: Deep Space Nine, Star Trek: Deep Space Nine, Star Trek: Deep Space Nine, Star Trek: Deep Space Nine, Star Trek: Deep Space Nine, Star Trek: Deep Space Nine, Star Trek: Deep Space Nine, Star Trek: Deep Space Nine, Star Trek: Deep Space Nine, Star Trek: Deep Space Nine, Star Trek: Deep Space Nine, Star Trek: Deep Space Nine, Star Trek: Deep Space Nine, Star Trek: Deep Space Nine, Star Trek: Deep Space Nine, Star Trek: Deep Space Nine, Star Trek: Deep Space Nine, Star Trek: Deep Space Nine, Star Trek: Deep Space Nine, Star Trek: Deep Space Nine, Star Trek: Deep", Sesame Street ,1
" Star Trek: Deep Space Nine, Star Trek: Deep Space Nine, Star Trek: Deep Space Nine, Star Trek: Deep Space Nine, Star Trek: Deep Space Nine, Star Trek: Deep Space Nine, Star Trek: Deep Space Nine, Star Trek: Deep Space Nine, Star Trek: Deep Space Nine, Star Trek: Deep Space Nine, Star Trek: Deep Space Nine, Star Trek: Deep Space Nine, Star Trek: Deep Space Nine, Star Trek: Deep Space Nine, Star Trek: Deep Space Nine, Star Trek: Deep Space Nine, Star Trek: Deep Space Nine, Star Trek: Deep Space Nine, Star Trek: Deep Space Nine, Star Trek: Deep Space Nine, Star Trek: Deep Space Nine, Star Trek: Deep Space Nine, Star Trek: Deep Space Nine, Star Trek: Deep Space Nine, Star Trek: Deep Space Nine, Star Trek: Deep Space Nine, Star Trek: Deep Space Nine, Star Trek: Deep Space Nine, Star Trek: Deep Space Nine, Star Trek: Deep Space Nine, Star Trek: Deep Space Nine, Star Trek: Deep Space Nine, Star Trek: Deep Space Nine, Star Trek: Deep Space Nine, Star Trek: Deep Space Nine, Star Trek: Deep Space Nine, Star Trek: Deep", The 80s show was based on the British show The Big Bang Theory and the 90s show was based on the British show The Big Bang Theory and the 90s show was based on The Big Bang Theory and the 90s show was based on The Big Bang Theory and the 90s show was based on The Big Bang Theory and the 90s show was based on The Big Bang Theory and the 90s show was based on The Big Bang Theory and the 90s show was based on The Big Bang Theory and the 90s show was based on The Big Bang Theory and the 90s show was based on The Big Bang Theory and the 90s show was based on The Big Bang Theory and the 90s show was based on The Big Bang Theory and the 90s show was based on The Big Bang Theory and the 90s show was based on The Big Bang Theory and the 90s show was based on The Big Bang Theory and the 90s show was based on The Big Bang Theory and the 90s show was based on The Big Bang Theory and the 90s show was based on The Big Bang Theory and the 90s show was based on The Big Bang Theory and the 90s show was based on The Big Bang Theory and the 90s show was based on The Big Bang,0
" Star Trek: Deep Space Nine, Star Trek: Deep Space Nine, Star Trek: Deep Space Nine, Star Trek: Deep Space Nine, Star Trek: Deep Space Nine, Star Trek: Deep Space Nine, Star Trek: Deep Space Nine, Star Trek: Deep Space Nine, Star Trek: Deep Space Nine, Star Trek: Deep Space Nine, Star Trek: Deep Space Nine, Star Trek: Deep Space Nine, Star Trek: Deep Space Nine, Star Trek: Deep Space Nine, Star Trek: Deep Space Nine, Star Trek: Deep Space Nine, Star Trek: Deep Space Nine, Star Trek: Deep Space Nine, Star Trek: Deep Space Nine, Star Trek: Deep Space Nine, Star Trek: Deep Space Nine, Star Trek: Deep Space Nine, Star Trek: Deep Space Nine, Star Trek: Deep Space Nine, Star Trek: Deep Space Nine, Star Trek: Deep Space Nine, Star Trek: Deep Space Nine, Star Trek: Deep Space Nine, Star Trek: Deep Space Nine, Star Trek: Deep Space Nine, Star Trek: Deep Space Nine, Star Trek: Deep Space Nine, Star Trek: Deep Space Nine, Star Trek: Deep Space Nine, Star Trek: Deep Space Nine, Star Trek: Deep Space Nine, Star Trek: Deep"," Star Wars: The Force Awakens, The Last Jedi, The Last Jedi, The Last Jedi, The Last Jedi, The Last Jedi, The Last Jedi, The Last Jedi, The Last Jedi, The Last Jedi, The Last Jedi, The Last Jedi, The Last Jedi, The Last Jedi, The Last Jedi, The Last Jedi, The Last Jedi, The Last Jedi, The Last Jedi, The Last Jedi, The Last Jedi, The Last Jedi, The Last Jedi, The Last Jedi, The Last Jedi, The Last Jedi, The Last Jedi, The Last Jedi, The Last Jedi, The Last Jedi, The Last Jedi, The Last Jedi, The Last Jedi, The Last Jedi, The Last Jedi, The Last Jedi, The Last Jedi, The Last Jedi, The Last Jedi, The Last Jedi, The Last Jedi, The Last Jedi, The Last Jedi, The Last Jedi, The Last Jedi, The Last Jedi, The Last Jedi, The Last Jedi, The Last Jedi, The Last Jedi, The Last Jedi, The Last Jedi, The Last Jedi, The Last Jedi, The Last Jedi, The Last Jedi, The Last Jedi, The Last Jedi, The Last Jedi, The Last Jedi, The Last Jedi, The Last Jedi, The Last Jedi, The",1
" Star Trek: Deep Space Nine, Star Trek: Deep Space Nine, Star Trek: Deep Space Nine, Star Trek: Deep Space Nine, Star Trek: Deep Space Nine, Star Trek: Deep Space Nine, Star Trek: Deep Space Nine, Star Trek: Deep Space Nine, Star Trek: Deep Space Nine, Star Trek: Deep Space Nine, Star Trek: Deep Space Nine, Star Trek: Deep Space Nine, Star Trek: Deep Space Nine, Star Trek: Deep Space Nine, Star Trek: Deep Space Nine, Star Trek: Deep Space Nine, Star Trek: Deep Space Nine, Star Trek: Deep Space Nine, Star Trek: Deep Space Nine, Star Trek: Deep Space Nine, Star Trek: Deep Space Nine, Star Trek: Deep Space Nine, Star Trek: Deep Space Nine, Star Trek: Deep Space Nine, Star Trek: Deep Space Nine, Star Trek: Deep Space Nine, Star Trek: Deep Space Nine, Star Trek: Deep Space Nine, Star Trek: Deep Space Nine, Star Trek: Deep Space Nine, Star Trek: Deep Space Nine, Star Trek: Deep Space Nine, Star Trek: Deep Space Nine, Star Trek: Deep Space Nine, Star Trek: Deep Space Nine, Star Trek: Deep Space Nine, Star Trek: Deep"," The first episode of The Simpsons was based on the British show Till Death Us Do Part, and The Simpsons is based on the British show Till Death Us Do Part, and The Simpsons is based on the British show Till Death Us Do Part, and The Simpsons is based on the British show Till Death Us Do Part, and The Simpsons is based on the British show Till Death Us Do Part, and The Simpsons is based on the British show Till Death Us Do Part, and The Simpsons is based on the British show Till Death Us Do Part, and The Simpsons is based on the British show Till Death Us Do Part, and The Simpsons is based on the British show Till Death Us Do Part, and The Simpsons is based on the British show Till Death Us Do Part, and The Simpsons is based on the British show Till Death Us Do Part, and The Simpsons is based on the British show Till Death Us Do Part, and The Simpsons is based on the British show Till Death Us Do Part, and The Simpsons is based on the British show Till Death Us Do Part, and The Simpsons is based on the British show Till Death Us Do Part, and The Simpsons is based on the British show Till Death Us Do Part, and The Simpsons is based on the British show Till Death Us Do",1
 Sesame Street , The 80s show was based on the British show The Big Bang Theory and the 90s show was based on the British show The Big Bang Theory and the 90s show was based on The Big Bang Theory and the 90s show was based on The Big Bang Theory and the 90s show was based on The Big Bang Theory and the 90s show was based on The Big Bang Theory and the 90s show was based on The Big Bang Theory and the 90s show was based on The Big Bang Theory and the 90s show was based on The Big Bang Theory and the 90s show was based on The Big Bang Theory and the 90s show was based on The Big Bang Theory and the 90s show was based on The Big Bang Theory and the 90s show was based on The Big Bang Theory and the 90s show was based on The Big Bang Theory and the 90s show was based on The Big Bang Theory and the 90s show was based on The Big Bang Theory and the 90s show was based on The Big Bang Theory and the 90s show was based on The Big Bang Theory and the 90s show was based on The Big Bang Theory and the 90s show was based on The Big Bang Theory and the 90s show was based on The Big Bang,0
 Sesame Street ," Star Wars: The Force Awakens, The Last Jedi, The Last Jedi, The Last Jedi, The Last Jedi, The Last Jedi, The Last Jedi, The Last Jedi, The Last Jedi, The Last Jedi, The Last Jedi, The Last Jedi, The Last Jedi, The Last Jedi, The Last Jedi, The Last Jedi, The Last Jedi, The Last Jedi, The Last Jedi, The Last Jedi, The Last Jedi, The Last Jedi, The Last Jedi, The Last Jedi, The Last Jedi, The Last Jedi, The Last Jedi, The Last Jedi, The Last Jedi, The Last Jedi, The Last Jedi, The Last Jedi, The Last Jedi, The Last Jedi, The Last Jedi, The Last Jedi, The Last Jedi, The Last Jedi, The Last Jedi, The Last Jedi, The Last Jedi, The Last Jedi, The Last Jedi, The Last Jedi, The Last Jedi, The Last Jedi, The Last Jedi, The Last Jedi, The Last Jedi, The Last Jedi, The Last Jedi, The Last Jedi, The Last Jedi, The Last Jedi, The Last Jedi, The Last Jedi, The Last Jedi, The Last Jedi, The Last Jedi, The Last Jedi, The Last Jedi, The Last Jedi, The Last Jedi, The",0
 Sesame Street ," The first episode of The Simpsons was based on the British show Till Death Us Do Part, and The Simpsons is based on the British show Till Death Us Do Part, and The Simpsons is based on the British show Till Death Us Do Part, and The Simpsons is based on the British show Till Death Us Do Part, and The Simpsons is based on the British show Till Death Us Do Part, and The Simpsons is based on the British show Till Death Us Do Part, and The Simpsons is based on the British show Till Death Us Do Part, and The Simpsons is based on the British show Till Death Us Do Part, and The Simpsons is based on the British show Till Death Us Do Part, and The Simpsons is based on the British show Till Death Us Do Part, and The Simpsons is based on the British show Till Death Us Do Part, and The Simpsons is based on the British show Till Death Us Do Part, and The Simpsons is based on the British show Till Death Us Do Part, and The Simpsons is based on the British show Till Death Us Do Part, and The Simpsons is based on the British show Till Death Us Do Part, and The Simpsons is based on the British show Till Death Us Do Part, and The Simpsons is based on the British show Till Death Us Do",1
 The 80s show was based on the British show The Big Bang Theory and the 90s show was based on the British show The Big Bang Theory and the 90s show was based on The Big Bang Theory and the 90s show was based on The Big Bang Theory and the 90s show was based on The Big Bang Theory and the 90s show was based on The Big Bang Theory and the 90s show was based on The Big Bang Theory and the 90s show was based on The Big Bang Theory and the 90s show was based on The Big Bang Theory and the 90s show was based on The Big Bang Theory and the 90s show was based on The Big Bang Theory and the 90s show was based on The Big Bang Theory and the 90s show was based on The Big Bang Theory and the 90s show was based on The Big Bang Theory and the 90s show was based on The Big Bang Theory and the 90s show was based on The Big Bang Theory and the 90s show was based on The Big Bang Theory and the 90s show was based on The Big Bang Theory and the 90s show was based on The Big Bang Theory and the 90s show was based on The Big Bang Theory and the 90s show was based on The Big Bang," Star Wars: The Force Awakens, The Last Jedi, The Last Jedi, The Last Jedi, The Last Jedi, The Last Jedi, The Last Jedi, The Last Jedi, The Last Jedi, The Last Jedi, The Last Jedi, The Last Jedi, The Last Jedi, The Last Jedi, The Last Jedi, The Last Jedi, The Last Jedi, The Last Jedi, The Last Jedi, The Last Jedi, The Last Jedi, The Last Jedi, The Last Jedi, The Last Jedi, The Last Jedi, The Last Jedi, The Last Jedi, The Last Jedi, The Last Jedi, The Last Jedi, The Last Jedi, The Last Jedi, The Last Jedi, The Last Jedi, The Last Jedi, The Last Jedi, The Last Jedi, The Last Jedi, The Last Jedi, The Last Jedi, The Last Jedi, The Last Jedi, The Last Jedi, The Last Jedi, The Last Jedi, The Last Jedi, The Last Jedi, The Last Jedi, The Last Jedi, The Last Jedi, The Last Jedi, The Last Jedi, The Last Jedi, The Last Jedi, The Last Jedi, The Last Jedi, The Last Jedi, The Last Jedi, The Last Jedi, The Last Jedi, The Last Jedi, The Last Jedi, The Last Jedi, The",0
 The 80s show was based on the British show The Big Bang Theory and the 90s show was based on the British show The Big Bang Theory and the 90s show was based on The Big Bang Theory and the 90s show was based on The Big Bang Theory and the 90s show was based on The Big Bang Theory and the 90s show was based on The Big Bang Theory and the 90s show was based on The Big Bang Theory and the 90s show was based on The Big Bang Theory and the 90s show was based on The Big Bang Theory and the 90s show was based on The Big Bang Theory and the 90s show was based on The Big Bang Theory and the 90s show was based on The Big Bang Theory and the 90s show was based on The Big Bang Theory and the 90s show was based on The Big Bang Theory and the 90s show was based on The Big Bang Theory and the 90s show was based on The Big Bang Theory and the 90s show was based on The Big Bang Theory and the 90s show was based on The Big Bang Theory and the 90s show was based on The Big Bang Theory and the 90s show was based on The Big Bang Theory and the 90s show was based on The Big Bang," The first episode of The Simpsons was based on the British show Till Death Us Do Part, and The Simpsons is based on the British show Till Death Us Do Part, and The Simpsons is based on the British show Till Death Us Do Part, and The Simpsons is based on the British show Till Death Us Do Part, and The Simpsons is based on the British show Till Death Us Do Part, and The Simpsons is based on the British show Till Death Us Do Part, and The Simpsons is based on the British show Till Death Us Do Part, and The Simpsons is based on the British show Till Death Us Do Part, and The Simpsons is based on the British show Till Death Us Do Part, and The Simpsons is based on the British show Till Death Us Do Part, and The Simpsons is based on the British show Till Death Us Do Part, and The Simpsons is based on the British show Till Death Us Do Part, and The Simpsons is based on the British show Till Death Us Do Part, and The Simpsons is based on the British show Till Death Us Do Part, and The Simpsons is based on the British show Till Death Us Do Part, and The Simpsons is based on the British show Till Death Us Do Part, and The Simpsons is based on the British show Till Death Us Do",0
" Star Wars: The Force Awakens, The Last Jedi, The Last Jedi, The Last Jedi, The Last Jedi, The Last Jedi, The Last Jedi, The Last Jedi, The Last Jedi, The Last Jedi, The Last Jedi, The Last Jedi, The Last Jedi, The Last Jedi, The Last Jedi, The Last Jedi, The Last Jedi, The Last Jedi, The Last Jedi, The Last Jedi, The Last Jedi, The Last Jedi, The Last Jedi, The Last Jedi, The Last Jedi, The Last Jedi, The Last Jedi, The Last Jedi, The Last Jedi, The Last Jedi, The Last Jedi, The Last Jedi, The Last Jedi, The Last Jedi, The Last Jedi, The Last Jedi, The Last Jedi, The Last Jedi, The Last Jedi, The Last Jedi, The Last Jedi, The Last Jedi, The Last Jedi, The Last Jedi, The Last Jedi, The Last Jedi, The Last Jedi, The Last Jedi, The Last Jedi, The Last Jedi, The Last Jedi, The Last Jedi, The Last Jedi, The Last Jedi, The Last Jedi, The Last Jedi, The Last Jedi, The Last Jedi, The Last Jedi, The Last Jedi, The Last Jedi, The Last Jedi, The Last Jedi, The"," The first episode of The Simpsons was based on the British show Till Death Us Do Part, and The Simpsons is based on the British show Till Death Us Do Part, and The Simpsons is based on the British show Till Death Us Do Part, and The Simpsons is based on the British show Till Death Us Do Part, and The Simpsons is based on the British show Till Death Us Do Part, and The Simpsons is based on the British show Till Death Us Do Part, and The Simpsons is based on the British show Till Death Us Do Part, and The Simpsons is based on the British show Till Death Us Do Part, and The Simpsons is based on the British show Till Death Us Do Part, and The Simpsons is based on the British show Till Death Us Do Part, and The Simpsons is based on the British show Till Death Us Do Part, and The Simpsons is based on the British show Till Death Us Do Part, and The Simpsons is based on the British show Till Death Us Do Part, and The Simpsons is based on the British show Till Death Us Do Part, and The Simpsons is based on the British show Till Death Us Do Part, and The Simpsons is based on the British show Till Death Us Do Part, and The Simpsons is based on the British show Till Death Us Do",0
 Sveriges Långes Långes Långes Långes Långes Långes Långes Långes Långes Långes Långes Långes Långes Långes Långes Långes Långes Långes Långes Långes Långes Långes Långes Långes Långes Långes Långes Långes Långes Långes Långes Långes Långes Långes Långes Långes Långes Långes Långes Långes Långes Långes Långes Långes Långes Långes Långes Långes Långes Långes Långes Långes Långes Långes Långes Långes Långes Långes Långes Långes Långes Långes Långes, Marie Antoinette Queen of the Desert Queen of the Desert Queen of the Desert Queen of the Desert Queen of the Desert Queen of the Desert Queen of the Desert Queen of the Desert Queen of the Desert Queen of the Desert Queen of the Desert Queen of the Desert Queen of the Desert Queen of the Desert Queen of the Desert Queen of the Desert Queen of the Desert Queen of the Desert Queen of the Desert Queen of the Desert Queen of the Desert Queen of the Desert Queen of the Desert Queen of the Desert Queen of the Desert Queen of the Desert Queen of the Desert Queen of the Desert Queen of the Desert Queen of the Desert Queen of the Desert Queen of the Desert Queen of the Desert Queen of the Desert Queen of the Desert Queen of the Desert Queen of the Desert Queen of the Desert Queen of the Desert Queen of the Desert Queen of the Desert Queen of the Desert Queen of the Desert Queen of the Desert Queen of the Desert Queen of the Desert Queen of the Desert Queen of the Desert Queen of the Desert Queen of the Desert Queen of the Desert Queen of the Desert Queen of the Desert Queen of the Desert Queen of the Desert Queen of the Desert Queen of the Desert Queen of the Desert Queen of the Desert Queen of the Desert Queen of the Desert Queen of the Desert Queen of the Desert,1
 Sveriges Långes Långes Långes Långes Långes Långes Långes Långes Långes Långes Långes Långes Långes Långes Långes Långes Långes Långes Långes Långes Långes Långes Långes Långes Långes Långes Långes Långes Långes Långes Långes Långes Långes Långes Långes Långes Långes Långes Långes Långes Långes Långes Långes Långes Långes Långes Långes Långes Långes Långes Långes Långes Långes Långes Långes Långes Långes Långes Långes Långes Långes Långes Långes, Meryl Streep ,1
 Sveriges Långes Långes Långes Långes Långes Långes Långes Långes Långes Långes Långes Långes Långes Långes Långes Långes Långes Långes Långes Långes Långes Långes Långes Långes Långes Långes Långes Långes Långes Långes Långes Långes Långes Långes Långes Långes Långes Långes Långes Långes Långes Långes Långes Långes Långes Långes Långes Långes Långes Långes Långes Långes Långes Långes Långes Långes Långes Långes Långes Långes Långes Långes Långes, Sigmund Freud (who was born in Sweden and died in the US in 1933) ,1
 Sveriges Långes Långes Långes Långes Långes Långes Långes Långes Långes Långes Långes Långes Långes Långes Långes Långes Långes Långes Långes Långes Långes Långes Långes Långes Långes Långes Långes Långes Långes Långes Långes Långes Långes Långes Långes Långes Långes Långes Långes Långes Långes Långes Långes Långes Långes Långes Långes Långes Långes Långes Långes Långes Långes Långes Långes Långes Långes Långes Långes Långes Långes Långes Långes, Greta Gerwig ,1
 Marie Antoinette Queen of the Desert Queen of the Desert Queen of the Desert Queen of the Desert Queen of the Desert Queen of the Desert Queen of the Desert Queen of the Desert Queen of the Desert Queen of the Desert Queen of the Desert Queen of the Desert Queen of the Desert Queen of the Desert Queen of the Desert Queen of the Desert Queen of the Desert Queen of the Desert Queen of the Desert Queen of the Desert Queen of the Desert Queen of the Desert Queen of the Desert Queen of the Desert Queen of the Desert Queen of the Desert Queen of the Desert Queen of the Desert Queen of the Desert Queen of the Desert Queen of the Desert Queen of the Desert Queen of the Desert Queen of the Desert Queen of the Desert Queen of the Desert Queen of the Desert Queen of the Desert Queen of the Desert Queen of the Desert Queen of the Desert Queen of the Desert Queen of the Desert Queen of the Desert Queen of the Desert Queen of the Desert Queen of the Desert Queen of the Desert Queen of the Desert Queen of the Desert Queen of the Desert Queen of the Desert Queen of the Desert Queen of the Desert Queen of the Desert Queen of the Desert Queen of the Desert Queen of the Desert Queen of the Desert Queen of the Desert Queen of the Desert Queen of the Desert Queen of the Desert, Meryl Streep ,0
 Marie Antoinette Queen of the Desert Queen of the Desert Queen of the Desert Queen of the Desert Queen of the Desert Queen of the Desert Queen of the Desert Queen of the Desert Queen of the Desert Queen of the Desert Queen of the Desert Queen of the Desert Queen of the Desert Queen of the Desert Queen of the Desert Queen of the Desert Queen of the Desert Queen of the Desert Queen of the Desert Queen of the Desert Queen of the Desert Queen of the Desert Queen of the Desert Queen of the Desert Queen of the Desert Queen of the Desert Queen of the Desert Queen of the Desert Queen of the Desert Queen of the Desert Queen of the Desert Queen of the Desert Queen of the Desert Queen of the Desert Queen of the Desert Queen of the Desert Queen of the Desert Queen of the Desert Queen of the Desert Queen of the Desert Queen of the Desert Queen of the Desert Queen of the Desert Queen of the Desert Queen of the Desert Queen of the Desert Queen of the Desert Queen of the Desert Queen of the Desert Queen of the Desert Queen of the Desert Queen of the Desert Queen of the Desert Queen of the Desert Queen of the Desert Queen of the Desert Queen of the Desert Queen of the Desert Queen of the Desert Queen of the Desert Queen of the Desert Queen of the Desert Queen of the Desert, Sigmund Freud (who was born in Sweden and died in the US in 1933) ,0
 Marie Antoinette Queen of the Desert Queen of the Desert Queen of the Desert Queen of the Desert Queen of the Desert Queen of the Desert Queen of the Desert Queen of the Desert Queen of the Desert Queen of the Desert Queen of the Desert Queen of the Desert Queen of the Desert Queen of the Desert Queen of the Desert Queen of the Desert Queen of the Desert Queen of the Desert Queen of the Desert Queen of the Desert Queen of the Desert Queen of the Desert Queen of the Desert Queen of the Desert Queen of the Desert Queen of the Desert Queen of the Desert Queen of the Desert Queen of the Desert Queen of the Desert Queen of the Desert Queen of the Desert Queen of the Desert Queen of the Desert Queen of the Desert Queen of the Desert Queen of the Desert Queen of the Desert Queen of the Desert Queen of the Desert Queen of the Desert Queen of the Desert Queen of the Desert Queen of the Desert Queen of the Desert Queen of the Desert Queen of the Desert Queen of the Desert Queen of the Desert Queen of the Desert Queen of the Desert Queen of the Desert Queen of the Desert Queen of the Desert Queen of the Desert Queen of the Desert Queen of the Desert Queen of the Desert Queen of the Desert Queen of the Desert Queen of the Desert Queen of the Desert Queen of the Desert, Greta Gerwig ,0
 Meryl Streep , Sigmund Freud (who was born in Sweden and died in the US in 1933) ,0
 Meryl Streep , Greta Gerwig ,0
 Sigmund Freud (who was born in Sweden and died in the US in 1933) , Greta Gerwig ,0
 Ben Kingsley in the 80s TV series , John Wayne in the 80s TV show ,0
 Ben Kingsley in the 80s TV series , Jack Nicholson in the 80s TV series ,0
 Ben Kingsley in the 80s TV series , Gwyneth Paltrow in the '70s TV series ,0
 Ben Kingsley in the 80s TV series , Ben Kingsley in the 60s TV series ,0
 John Wayne in the 80s TV show , Jack Nicholson in the 80s TV series ,0
 John Wayne in the 80s TV show , Gwyneth Paltrow in the '70s TV series ,0
 John Wayne in the 80s TV show , Ben Kingsley in the 60s TV series ,0
 Jack Nicholson in the 80s TV series , Gwyneth Paltrow in the '70s TV series ,0
 Jack Nicholson in the 80s TV series , Ben Kingsley in the 60s TV series ,0
 Gwyneth Paltrow in the '70s TV series , Ben Kingsley in the 60s TV series ,0
" Roger Federer, Rafael Nadal, Roger Federer, Rafael Nadal, Roger Federer, Roger Federer, Roger Federer, Roger Federer, Roger Federer, Roger Federer, Roger Federer, Roger Federer, Roger Federer, Roger Federer, Roger Federer, Roger Federer, Roger Federer, Roger Federer, Roger Federer, Roger Federer, Roger Federer, Roger Federer, Roger Federer, Roger Federer, Roger Federer, Roger Federer, Roger Federer, Roger Federer, Roger Federer, Roger Federer, Roger Federer, Roger Federer, Roger Federer, Roger Federer, Roger Federer, Roger Federer, Roger Federer, Roger Federer, Roger Federer, Roger Federer, Roger Federer, Roger Federer, Roger Federer, Roger Federer, Roger Federer, Roger Federer, Roger Federer, Roger Federer, Roger Federer, Roger Federer, Roger Federer, Roger Federer, Roger Federer, Roger Federer, Roger Federer, Roger Federer, Roger Federer, Roger Federer, Roger Federer, Roger Federer, Roger Federer, Roger Federer, Roger Federer, Roger Federer,", Rafael Nadal,1
" Roger Federer, Rafael Nadal, Roger Federer, Rafael Nadal, Roger Federer, Roger Federer, Roger Federer, Roger Federer, Roger Federer, Roger Federer, Roger Federer, Roger Federer, Roger Federer, Roger Federer, Roger Federer, Roger Federer, Roger Federer, Roger Federer, Roger Federer, Roger Federer, Roger Federer, Roger Federer, Roger Federer, Roger Federer, Roger Federer, Roger Federer, Roger Federer, Roger Federer, Roger Federer, Roger Federer, Roger Federer, Roger Federer, Roger Federer, Roger Federer, Roger Federer, Roger Federer, Roger Federer, Roger Federer, Roger Federer, Roger Federer, Roger Federer, Roger Federer, Roger Federer, Roger Federer, Roger Federer, Roger Federer, Roger Federer, Roger Federer, Roger Federer, Roger Federer, Roger Federer, Roger Federer, Roger Federer, Roger Federer, Roger Federer, Roger Federer, Roger Federer, Roger Federer, Roger Federer, Roger Federer, Roger Federer, Roger Federer, Roger Federer, Roger Federer,"," Pete Sampras, Roger Federer, Roger Federer, Roger Federer, Roger Federer, Roger Federer, Roger Federer, Roger Federer, Roger Federer, Roger Federer, Roger Federer, Roger Federer, Roger Federer, Roger Federer, Roger Federer, Roger Federer, Roger Federer, Roger Federer, Roger Federer, Roger Federer, Roger Federer, Roger Federer, Roger Federer, Roger Federer, Roger Federer, Roger Federer, Roger Federer, Roger Federer, Roger Federer, Roger Federer, Roger Federer, Roger Federer, Roger Federer, Roger Federer, Roger Federer, Roger Federer, Roger Federer, Roger Federer, Roger Federer, Roger Federer, Roger Federer, Roger Federer, Roger Federer, Roger Federer, Roger Federer, Roger Federer, Roger Federer, Roger Federer, Roger Federer, Roger Federer, Roger Federer, Roger Federer, Roger Federer, Roger Federer, Roger Federer, Roger Federer, Roger Federer, Roger Federer, Roger Federer, Roger Federer, Roger Federer, Roger Federer, Roger Federer, Roger Federer,",1
" Roger Federer, Rafael Nadal, Roger Federer, Rafael Nadal, Roger Federer, Roger Federer, Roger Federer, Roger Federer, Roger Federer, Roger Federer, Roger Federer, Roger Federer, Roger Federer, Roger Federer, Roger Federer, Roger Federer, Roger Federer, Roger Federer, Roger Federer, Roger Federer, Roger Federer, Roger Federer, Roger Federer, Roger Federer, Roger Federer, Roger Federer, Roger Federer, Roger Federer, Roger Federer, Roger Federer, Roger Federer, Roger Federer, Roger Federer, Roger Federer, Roger Federer, Roger Federer, Roger Federer, Roger Federer, Roger Federer, Roger Federer, Roger Federer, Roger Federer, Roger Federer, Roger Federer, Roger Federer, Roger Federer, Roger Federer, Roger Federer, Roger Federer, Roger Federer, Roger Federer, Roger Federer, Roger Federer, Roger Federer, Roger Federer, Roger Federer, Roger Federer, Roger Federer, Roger Federer, Roger Federer, Roger Federer, Roger Federer, Roger Federer, Roger Federer,"," Rafael Nadal, Roger Federer, Rafael Nadal, Roger Federer, Rafael Nadal, Roger Federer, Roger Federer, Roger Federer, Roger Federer, Roger Federer, Roger Federer, Roger Federer, Roger Federer, Roger Federer, Roger Federer, Roger Federer, Roger Federer, Roger Federer, Roger Federer, Roger Federer, Roger Federer, Roger Federer, Roger Federer, Roger Federer, Roger Federer, Roger Federer, Roger Federer, Roger Federer, Roger Federer, Roger Federer, Roger Federer, Roger Federer, Roger Federer, Roger Federer, Roger Federer, Roger Federer, Roger Federer, Roger Federer, Roger Federer, Roger Federer, Roger Federer, Roger Federer, Roger Federer, Roger Federer, Roger Federer, Roger Federer, Roger Federer, Roger Federer, Roger Federer, Roger Federer, Roger Federer, Roger Federer, Roger Federer, Roger Federer, Roger Federer, Roger Federer, Roger Federer, Roger Federer, Roger Federer, Roger Federer, Roger Federer, Roger Federer, Roger Federer, Roger Federer,",1
" Roger Federer, Rafael Nadal, Roger Federer, Rafael Nadal, Roger Federer, Roger Federer, Roger Federer, Roger Federer, Roger Federer, Roger Federer, Roger Federer, Roger Federer, Roger Federer, Roger Federer, Roger Federer, Roger Federer, Roger Federer, Roger Federer, Roger Federer, Roger Federer, Roger Federer, Roger Federer, Roger Federer, Roger Federer, Roger Federer, Roger Federer, Roger Federer, Roger Federer, Roger Federer, Roger Federer, Roger Federer, Roger Federer, Roger Federer, Roger Federer, Roger Federer, Roger Federer, Roger Federer, Roger Federer, Roger Federer, Roger Federer, Roger Federer, Roger Federer, Roger Federer, Roger Federer, Roger Federer, Roger Federer, Roger Federer, Roger Federer, Roger Federer, Roger Federer, Roger Federer, Roger Federer, Roger Federer, Roger Federer, Roger Federer, Roger Federer, Roger Federer, Roger Federer, Roger Federer, Roger Federer, Roger Federer, Roger Federer, Roger Federer, Roger Federer,", Pete Sampras was the first tennis player to win a Grand Slam singles title in the 20th century and the first tennis player to win a Grand Slam singles title in the 20th century and the first tennis player to win a Grand Slam singles title in the 20th century and the first tennis player to win a Grand Slam singles title in the 20th century and the first tennis player to win a Grand Slam singles title in the 20th century and the first tennis player to win a Grand Slam singles title in the 20th century and the first tennis player to win a Grand Slam singles title in the 20th century and the first tennis player to win a Grand Slam singles title in the 20th century and the first tennis player to win a Grand Slam singles title in the 20th century and the first tennis player to win a Grand Slam singles title in the 20th century and the first tennis player to win a Grand Slam singles title in the 20th century and the first tennis player to win a Grand Slam singles title in the 20th century and the first tennis player to win a Grand Slam singles title in the 20th century and the first tennis player to win a Grand Slam singles title in the 20th century and the first tennis player to win a Grand Slam singles title in the 20,0
 Rafael Nadal," Pete Sampras, Roger Federer, Roger Federer, Roger Federer, Roger Federer, Roger Federer, Roger Federer, Roger Federer, Roger Federer, Roger Federer, Roger Federer, Roger Federer, Roger Federer, Roger Federer, Roger Federer, Roger Federer, Roger Federer, Roger Federer, Roger Federer, Roger Federer, Roger Federer, Roger Federer, Roger Federer, Roger Federer, Roger Federer, Roger Federer, Roger Federer, Roger Federer, Roger Federer, Roger Federer, Roger Federer, Roger Federer, Roger Federer, Roger Federer, Roger Federer, Roger Federer, Roger Federer, Roger Federer, Roger Federer, Roger Federer, Roger Federer, Roger Federer, Roger Federer, Roger Federer, Roger Federer, Roger Federer, Roger Federer, Roger Federer, Roger Federer, Roger Federer, Roger Federer, Roger Federer, Roger Federer, Roger Federer, Roger Federer, Roger Federer, Roger Federer, Roger Federer, Roger Federer, Roger Federer, Roger Federer, Roger Federer, Roger Federer, Roger Federer,",0
 Rafael Nadal," Rafael Nadal, Roger Federer, Rafael Nadal, Roger Federer, Rafael Nadal, Roger Federer, Roger Federer, Roger Federer, Roger Federer, Roger Federer, Roger Federer, Roger Federer, Roger Federer, Roger Federer, Roger Federer, Roger Federer, Roger Federer, Roger Federer, Roger Federer, Roger Federer, Roger Federer, Roger Federer, Roger Federer, Roger Federer, Roger Federer, Roger Federer, Roger Federer, Roger Federer, Roger Federer, Roger Federer, Roger Federer, Roger Federer, Roger Federer, Roger Federer, Roger Federer, Roger Federer, Roger Federer, Roger Federer, Roger Federer, Roger Federer, Roger Federer, Roger Federer, Roger Federer, Roger Federer, Roger Federer, Roger Federer, Roger Federer, Roger Federer, Roger Federer, Roger Federer, Roger Federer, Roger Federer, Roger Federer, Roger Federer, Roger Federer, Roger Federer, Roger Federer, Roger Federer, Roger Federer, Roger Federer, Roger Federer, Roger Federer, Roger Federer, Roger Federer,",1
 Rafael Nadal, Pete Sampras was the first tennis player to win a Grand Slam singles title in the 20th century and the first tennis player to win a Grand Slam singles title in the 20th century and the first tennis player to win a Grand Slam singles title in the 20th century and the first tennis player to win a Grand Slam singles title in the 20th century and the first tennis player to win a Grand Slam singles title in the 20th century and the first tennis player to win a Grand Slam singles title in the 20th century and the first tennis player to win a Grand Slam singles title in the 20th century and the first tennis player to win a Grand Slam singles title in the 20th century and the first tennis player to win a Grand Slam singles title in the 20th century and the first tennis player to win a Grand Slam singles title in the 20th century and the first tennis player to win a Grand Slam singles title in the 20th century and the first tennis player to win a Grand Slam singles title in the 20th century and the first tennis player to win a Grand Slam singles title in the 20th century and the first tennis player to win a Grand Slam singles title in the 20th century and the first tennis player to win a Grand Slam singles title in the 20,0
" Pete Sampras, Roger Federer, Roger Federer, Roger Federer, Roger Federer, Roger Federer, Roger Federer, Roger Federer, Roger Federer, Roger Federer, Roger Federer, Roger Federer, Roger Federer, Roger Federer, Roger Federer, Roger Federer, Roger Federer, Roger Federer, Roger Federer, Roger Federer, Roger Federer, Roger Federer, Roger Federer, Roger Federer, Roger Federer, Roger Federer, Roger Federer, Roger Federer, Roger Federer, Roger Federer, Roger Federer, Roger Federer, Roger Federer, Roger Federer, Roger Federer, Roger Federer, Roger Federer, Roger Federer, Roger Federer, Roger Federer, Roger Federer, Roger Federer, Roger Federer, Roger Federer, Roger Federer, Roger Federer, Roger Federer, Roger Federer, Roger Federer, Roger Federer, Roger Federer, Roger Federer, Roger Federer, Roger Federer, Roger Federer, Roger Federer, Roger Federer, Roger Federer, Roger Federer, Roger Federer, Roger Federer, Roger Federer, Roger Federer, Roger Federer,"," Rafael Nadal, Roger Federer, Rafael Nadal, Roger Federer, Rafael Nadal, Roger Federer, Roger Federer, Roger Federer, Roger Federer, Roger Federer, Roger Federer, Roger Federer, Roger Federer, Roger Federer, Roger Federer, Roger Federer, Roger Federer, Roger Federer, Roger Federer, Roger Federer, Roger Federer, Roger Federer, Roger Federer, Roger Federer, Roger Federer, Roger Federer, Roger Federer, Roger Federer, Roger Federer, Roger Federer, Roger Federer, Roger Federer, Roger Federer, Roger Federer, Roger Federer, Roger Federer, Roger Federer, Roger Federer, Roger Federer, Roger Federer, Roger Federer, Roger Federer, Roger Federer, Roger Federer, Roger Federer, Roger Federer, Roger Federer, Roger Federer, Roger Federer, Roger Federer, Roger Federer, Roger Federer, Roger Federer, Roger Federer, Roger Federer, Roger Federer, Roger Federer, Roger Federer, Roger Federer, Roger Federer, Roger Federer, Roger Federer, Roger Federer, Roger Federer,",1
" Pete Sampras, Roger Federer, Roger Federer, Roger Federer, Roger Federer, Roger Federer, Roger Federer, Roger Federer, Roger Federer, Roger Federer, Roger Federer, Roger Federer, Roger Federer, Roger Federer, Roger Federer, Roger Federer, Roger Federer, Roger Federer, Roger Federer, Roger Federer, Roger Federer, Roger Federer, Roger Federer, Roger Federer, Roger Federer, Roger Federer, Roger Federer, Roger Federer, Roger Federer, Roger Federer, Roger Federer, Roger Federer, Roger Federer, Roger Federer, Roger Federer, Roger Federer, Roger Federer, Roger Federer, Roger Federer, Roger Federer, Roger Federer, Roger Federer, Roger Federer, Roger Federer, Roger Federer, Roger Federer, Roger Federer, Roger Federer, Roger Federer, Roger Federer, Roger Federer, Roger Federer, Roger Federer, Roger Federer, Roger Federer, Roger Federer, Roger Federer, Roger Federer, Roger Federer, Roger Federer, Roger Federer, Roger Federer, Roger Federer, Roger Federer,", Pete Sampras was the first tennis player to win a Grand Slam singles title in the 20th century and the first tennis player to win a Grand Slam singles title in the 20th century and the first tennis player to win a Grand Slam singles title in the 20th century and the first tennis player to win a Grand Slam singles title in the 20th century and the first tennis player to win a Grand Slam singles title in the 20th century and the first tennis player to win a Grand Slam singles title in the 20th century and the first tennis player to win a Grand Slam singles title in the 20th century and the first tennis player to win a Grand Slam singles title in the 20th century and the first tennis player to win a Grand Slam singles title in the 20th century and the first tennis player to win a Grand Slam singles title in the 20th century and the first tennis player to win a Grand Slam singles title in the 20th century and the first tennis player to win a Grand Slam singles title in the 20th century and the first tennis player to win a Grand Slam singles title in the 20th century and the first tennis player to win a Grand Slam singles title in the 20th century and the first tennis player to win a Grand Slam singles title in the 20,0
" Rafael Nadal, Roger Federer, Rafael Nadal, Roger Federer, Rafael Nadal, Roger Federer, Roger Federer, Roger Federer, Roger Federer, Roger Federer, Roger Federer, Roger Federer, Roger Federer, Roger Federer, Roger Federer, Roger Federer, Roger Federer, Roger Federer, Roger Federer, Roger Federer, Roger Federer, Roger Federer, Roger Federer, Roger Federer, Roger Federer, Roger Federer, Roger Federer, Roger Federer, Roger Federer, Roger Federer, Roger Federer, Roger Federer, Roger Federer, Roger Federer, Roger Federer, Roger Federer, Roger Federer, Roger Federer, Roger Federer, Roger Federer, Roger Federer, Roger Federer, Roger Federer, Roger Federer, Roger Federer, Roger Federer, Roger Federer, Roger Federer, Roger Federer, Roger Federer, Roger Federer, Roger Federer, Roger Federer, Roger Federer, Roger Federer, Roger Federer, Roger Federer, Roger Federer, Roger Federer, Roger Federer, Roger Federer, Roger Federer, Roger Federer, Roger Federer,", Pete Sampras was the first tennis player to win a Grand Slam singles title in the 20th century and the first tennis player to win a Grand Slam singles title in the 20th century and the first tennis player to win a Grand Slam singles title in the 20th century and the first tennis player to win a Grand Slam singles title in the 20th century and the first tennis player to win a Grand Slam singles title in the 20th century and the first tennis player to win a Grand Slam singles title in the 20th century and the first tennis player to win a Grand Slam singles title in the 20th century and the first tennis player to win a Grand Slam singles title in the 20th century and the first tennis player to win a Grand Slam singles title in the 20th century and the first tennis player to win a Grand Slam singles title in the 20th century and the first tennis player to win a Grand Slam singles title in the 20th century and the first tennis player to win a Grand Slam singles title in the 20th century and the first tennis player to win a Grand Slam singles title in the 20th century and the first tennis player to win a Grand Slam singles title in the 20th century and the first tennis player to win a Grand Slam singles title in the 20,0
 The answer to all of these questions is: She was never banned from swimming in the first place, How long was swimmer Michelle Smith-de Bruin banned for attempting to manipulate a drugs test? Answers: How long was swimmer Michelle Smith-de Bruin banned for attempting to manipulate a drugs test? Answers: How long was swimmer Michelle Smith-de Bruin banned for attempting to manipulate a drugs test? Answers: How long was swimmer Michelle Smith-de Bruin banned for attempting to manipulate a drugs test? Answers: How long was swimmer Michelle Smith-de Bruin banned for attempting to manipulate a drugs test? Answers: How long was swimmer Michelle Smith-de Bruin banned for attempting to manipulate a drugs test? Answers: How long was swimmer Michelle Smith-de Bruin banned for attempting to manipulate a drugs test? Answers: How long was swimmer Michelle Smith-de Bruin banned for attempting to manipulate a drugs test? Answers: How long was swimmer Michelle Smith-de Bruin banned for attempting to manipulate a drugs test? Answers: How long was swimmer Michelle Smith-de Bruin banned for attempting to manipulate a drugs test? Answers: How long was swimmer Michelle Smith-de Bruin banned for attempting to manipulate a drugs test? Answers: How long was swimmer Michelle Smith-de Bruin banned for attempting,0
 The answer to all of these questions is: She was never banned from swimming in the first place, The answer to all of these questions is: The answer to all of these questions is: The answer to all of these questions is: The answer to all of these questions is: The answer to all of these questions is: The answer to all of these questions is: The answer to all of these questions is: The answer to all of these questions is: The answer to all of these questions is: The answer to all of these questions is: The answer to all of these questions is: The answer to all of these questions is: The answer to all of these questions is: The answer to all of these questions is: The answer to all of these questions is: The answer to all of these questions is: The answer to all of these questions is: The answer to all of these questions is: The answer to all of these questions is: The answer to all of these questions is: The answer to all of these questions is: The answer to all of these questions is: The answer to all of these questions is: The answer to all of these questions is: The answer to all of these questions is: The answer to all of these questions is: The answer to all of these questions is: The answer to all of these questions is: The answer to all,1
 The answer to all of these questions is: She was never banned from swimming in the first place, None of these questions can be answered by a bot,0
 The answer to all of these questions is: She was never banned from swimming in the first place, The United States was the first country in the world to ban the use of ISDN in 1996,0
 How long was swimmer Michelle Smith-de Bruin banned for attempting to manipulate a drugs test? Answers: How long was swimmer Michelle Smith-de Bruin banned for attempting to manipulate a drugs test? Answers: How long was swimmer Michelle Smith-de Bruin banned for attempting to manipulate a drugs test? Answers: How long was swimmer Michelle Smith-de Bruin banned for attempting to manipulate a drugs test? Answers: How long was swimmer Michelle Smith-de Bruin banned for attempting to manipulate a drugs test? Answers: How long was swimmer Michelle Smith-de Bruin banned for attempting to manipulate a drugs test? Answers: How long was swimmer Michelle Smith-de Bruin banned for attempting to manipulate a drugs test? Answers: How long was swimmer Michelle Smith-de Bruin banned for attempting to manipulate a drugs test? Answers: How long was swimmer Michelle Smith-de Bruin banned for attempting to manipulate a drugs test? Answers: How long was swimmer Michelle Smith-de Bruin banned for attempting to manipulate a drugs test? Answers: How long was swimmer Michelle Smith-de Bruin banned for attempting to manipulate a drugs test? Answers: How long was swimmer Michelle Smith-de Bruin banned for attempting, The answer to all of these questions is: The answer to all of these questions is: The answer to all of these questions is: The answer to all of these questions is: The answer to all of these questions is: The answer to all of these questions is: The answer to all of these questions is: The answer to all of these questions is: The answer to all of these questions is: The answer to all of these questions is: The answer to all of these questions is: The answer to all of these questions is: The answer to all of these questions is: The answer to all of these questions is: The answer to all of these questions is: The answer to all of these questions is: The answer to all of these questions is: The answer to all of these questions is: The answer to all of these questions is: The answer to all of these questions is: The answer to all of these questions is: The answer to all of these questions is: The answer to all of these questions is: The answer to all of these questions is: The answer to all of these questions is: The answer to all of these questions is: The answer to all of these questions is: The answer to all of these questions is: The answer to all,1
 How long was swimmer Michelle Smith-de Bruin banned for attempting to manipulate a drugs test? Answers: How long was swimmer Michelle Smith-de Bruin banned for attempting to manipulate a drugs test? Answers: How long was swimmer Michelle Smith-de Bruin banned for attempting to manipulate a drugs test? Answers: How long was swimmer Michelle Smith-de Bruin banned for attempting to manipulate a drugs test? Answers: How long was swimmer Michelle Smith-de Bruin banned for attempting to manipulate a drugs test? Answers: How long was swimmer Michelle Smith-de Bruin banned for attempting to manipulate a drugs test? Answers: How long was swimmer Michelle Smith-de Bruin banned for attempting to manipulate a drugs test? Answers: How long was swimmer Michelle Smith-de Bruin banned for attempting to manipulate a drugs test? Answers: How long was swimmer Michelle Smith-de Bruin banned for attempting to manipulate a drugs test? Answers: How long was swimmer Michelle Smith-de Bruin banned for attempting to manipulate a drugs test? Answers: How long was swimmer Michelle Smith-de Bruin banned for attempting to manipulate a drugs test? Answers: How long was swimmer Michelle Smith-de Bruin banned for attempting, None of these questions can be answered by a bot,1
 How long was swimmer Michelle Smith-de Bruin banned for attempting to manipulate a drugs test? Answers: How long was swimmer Michelle Smith-de Bruin banned for attempting to manipulate a drugs test? Answers: How long was swimmer Michelle Smith-de Bruin banned for attempting to manipulate a drugs test? Answers: How long was swimmer Michelle Smith-de Bruin banned for attempting to manipulate a drugs test? Answers: How long was swimmer Michelle Smith-de Bruin banned for attempting to manipulate a drugs test? Answers: How long was swimmer Michelle Smith-de Bruin banned for attempting to manipulate a drugs test? Answers: How long was swimmer Michelle Smith-de Bruin banned for attempting to manipulate a drugs test? Answers: How long was swimmer Michelle Smith-de Bruin banned for attempting to manipulate a drugs test? Answers: How long was swimmer Michelle Smith-de Bruin banned for attempting to manipulate a drugs test? Answers: How long was swimmer Michelle Smith-de Bruin banned for attempting to manipulate a drugs test? Answers: How long was swimmer Michelle Smith-de Bruin banned for attempting to manipulate a drugs test? Answers: How long was swimmer Michelle Smith-de Bruin banned for attempting, The United States was the first country in the world to ban the use of ISDN in 1996,1
 The answer to all of these questions is: The answer to all of these questions is: The answer to all of these questions is: The answer to all of these questions is: The answer to all of these questions is: The answer to all of these questions is: The answer to all of these questions is: The answer to all of these questions is: The answer to all of these questions is: The answer to all of these questions is: The answer to all of these questions is: The answer to all of these questions is: The answer to all of these questions is: The answer to all of these questions is: The answer to all of these questions is: The answer to all of these questions is: The answer to all of these questions is: The answer to all of these questions is: The answer to all of these questions is: The answer to all of these questions is: The answer to all of these questions is: The answer to all of these questions is: The answer to all of these questions is: The answer to all of these questions is: The answer to all of these questions is: The answer to all of these questions is: The answer to all of these questions is: The answer to all of these questions is: The answer to all, None of these questions can be answered by a bot,1
 The answer to all of these questions is: The answer to all of these questions is: The answer to all of these questions is: The answer to all of these questions is: The answer to all of these questions is: The answer to all of these questions is: The answer to all of these questions is: The answer to all of these questions is: The answer to all of these questions is: The answer to all of these questions is: The answer to all of these questions is: The answer to all of these questions is: The answer to all of these questions is: The answer to all of these questions is: The answer to all of these questions is: The answer to all of these questions is: The answer to all of these questions is: The answer to all of these questions is: The answer to all of these questions is: The answer to all of these questions is: The answer to all of these questions is: The answer to all of these questions is: The answer to all of these questions is: The answer to all of these questions is: The answer to all of these questions is: The answer to all of these questions is: The answer to all of these questions is: The answer to all of these questions is: The answer to all, The United States was the first country in the world to ban the use of ISDN in 1996,1
 None of these questions can be answered by a bot, The United States was the first country in the world to ban the use of ISDN in 1996,0
 The Man Who Shot Liberty Valance: Who wrote the screenplay for the Oscar-nominated film The Irishman? ," The King of Rock 'n' Roll, The King Of Pop, The King Of Rock 'n' Roll, The King Of Rock 'n' Roll, The King Of Rock 'n' Roll, The King Of Rock 'n' Roll, The King Of Rock 'n' Roll, The King Of Rock 'n' Roll, The King Of Rock 'n' Roll, The King Of Rock 'n' Roll, The King Of Rock 'n' Roll, The King Of Rock 'n' Roll, The King Of Rock 'n' Roll, The King Of Rock 'n' Roll, The King Of Rock 'n' Roll, The King Of Rock 'n' Roll, The King Of Rock 'n' Roll, The King Of Rock 'n' Roll, The King Of Rock 'n' Roll, The King Of Rock 'n' Roll, The King Of Rock 'n' Roll, The King Of Rock 'n' Roll, The King Of Rock 'n' Roll, The King Of Rock 'n' Roll, The King Of Rock 'n' Roll, The King Of Rock 'n' Roll, The King Of Rock 'n' Roll, The King Of Rock 'n' Roll, The King Of Rock 'n' Roll",1
 The Man Who Shot Liberty Valance: Who wrote the screenplay for the Oscar-nominated film The Irishman? , The Beatles Who had a hit with This Diamond Ring? Answers: The Beatles Who had a hit with This Diamond Ring? Answers: The Beatles Who had a hit with This Diamond Ring? Answers: The Beatles Who had a hit with This Diamond Ring? Answers: The Beatles Who had a hit with This Diamond Ring? Answers: The Beatles Who had a hit with This Diamond Ring? Answers: The Beatles Who had a hit with This Diamond Ring? Answers: The Beatles Who had a hit with This Diamond Ring? Answers: The Beatles Who had a hit with This Diamond Ring? Answers: The Beatles Who had a hit with This Diamond Ring? Answers: The Beatles Who had a hit with This Diamond Ring? Answers: The Beatles Who had a hit with This Diamond Ring? Answers: The Beatles Who had a hit with This Diamond Ring? Answers: The Beatles Who had a hit with This Diamond Ring? Answers: The Beatles Who had a hit with This Diamond Ring? Answers: The Beatles Who had a hit with This Diamond Ring? Answers: The Beatles Who had a hit with This Diamond Ring? Answers: The Beatles Who had a hit with This Diamond Ring? Answers: The Beatles Who had a hit with This Diamond Ring? Answers: The Beatles Who had a hit with This Diamond,1
 The Man Who Shot Liberty Valance: Who wrote the screenplay for the Oscar-nominated film The Irishman? , This Diamond Ring was the first song to reach the top of the UK Singles Chart and the first song to reach the top of the US Singles Chart,1
 The Man Who Shot Liberty Valance: Who wrote the screenplay for the Oscar-nominated film The Irishman? , The King of Rock 'n' Roll: The King of Rock 'n' Roll: The King of Rock 'n' Roll: The King of Rock 'n' Roll: The King of Rock 'n' Roll: The King of Rock 'n' Roll: The King of Rock 'n' Roll: The King of Rock 'n' Roll: The King of Rock 'n' Roll: The King of Rock 'n' Roll: The King of Rock 'n' Roll: The King of Rock 'n' Roll: The King of Rock 'n' Roll: The King of Rock 'n' Roll: The King of Rock 'n' Roll: The King of Rock 'n' Roll: The King of Rock 'n' Roll: The King of Rock 'n' Roll: The King of Rock 'n' Roll: The King of Rock 'n' Roll: The King of Rock 'n' Roll: The King of Rock 'n' Roll: The King of Rock 'n' Roll: The King of Rock 'n' Roll: The King of Rock 'n' Roll: The King of Rock 'n' Roll: The King of Rock 'n' Roll: The King of Rock 'n' Roll: The King of Rock,1
" The King of Rock 'n' Roll, The King Of Pop, The King Of Rock 'n' Roll, The King Of Rock 'n' Roll, The King Of Rock 'n' Roll, The King Of Rock 'n' Roll, The King Of Rock 'n' Roll, The King Of Rock 'n' Roll, The King Of Rock 'n' Roll, The King Of Rock 'n' Roll, The King Of Rock 'n' Roll, The King Of Rock 'n' Roll, The King Of Rock 'n' Roll, The King Of Rock 'n' Roll, The King Of Rock 'n' Roll, The King Of Rock 'n' Roll, The King Of Rock 'n' Roll, The King Of Rock 'n' Roll, The King Of Rock 'n' Roll, The King Of Rock 'n' Roll, The King Of Rock 'n' Roll, The King Of Rock 'n' Roll, The King Of Rock 'n' Roll, The King Of Rock 'n' Roll, The King Of Rock 'n' Roll, The King Of Rock 'n' Roll, The King Of Rock 'n' Roll, The King Of Rock 'n' Roll, The King Of Rock 'n' Roll", The Beatles Who had a hit with This Diamond Ring? Answers: The Beatles Who had a hit with This Diamond Ring? Answers: The Beatles Who had a hit with This Diamond Ring? Answers: The Beatles Who had a hit with This Diamond Ring? Answers: The Beatles Who had a hit with This Diamond Ring? Answers: The Beatles Who had a hit with This Diamond Ring? Answers: The Beatles Who had a hit with This Diamond Ring? Answers: The Beatles Who had a hit with This Diamond Ring? Answers: The Beatles Who had a hit with This Diamond Ring? Answers: The Beatles Who had a hit with This Diamond Ring? Answers: The Beatles Who had a hit with This Diamond Ring? Answers: The Beatles Who had a hit with This Diamond Ring? Answers: The Beatles Who had a hit with This Diamond Ring? Answers: The Beatles Who had a hit with This Diamond Ring? Answers: The Beatles Who had a hit with This Diamond Ring? Answers: The Beatles Who had a hit with This Diamond Ring? Answers: The Beatles Who had a hit with This Diamond Ring? Answers: The Beatles Who had a hit with This Diamond Ring? Answers: The Beatles Who had a hit with This Diamond Ring? Answers: The Beatles Who had a hit with This Diamond,1
" The King of Rock 'n' Roll, The King Of Pop, The King Of Rock 'n' Roll, The King Of Rock 'n' Roll, The King Of Rock 'n' Roll, The King Of Rock 'n' Roll, The King Of Rock 'n' Roll, The King Of Rock 'n' Roll, The King Of Rock 'n' Roll, The King Of Rock 'n' Roll, The King Of Rock 'n' Roll, The King Of Rock 'n' Roll, The King Of Rock 'n' Roll, The King Of Rock 'n' Roll, The King Of Rock 'n' Roll, The King Of Rock 'n' Roll, The King Of Rock 'n' Roll, The King Of Rock 'n' Roll, The King Of Rock 'n' Roll, The King Of Rock 'n' Roll, The King Of Rock 'n' Roll, The King Of Rock 'n' Roll, The King Of Rock 'n' Roll, The King Of Rock 'n' Roll, The King Of Rock 'n' Roll, The King Of Rock 'n' Roll, The King Of Rock 'n' Roll, The King Of Rock 'n' Roll, The King Of Rock 'n' Roll", This Diamond Ring was the first song to reach the top of the UK Singles Chart and the first song to reach the top of the US Singles Chart,1
" The King of Rock 'n' Roll, The King Of Pop, The King Of Rock 'n' Roll, The King Of Rock 'n' Roll, The King Of Rock 'n' Roll, The King Of Rock 'n' Roll, The King Of Rock 'n' Roll, The King Of Rock 'n' Roll, The King Of Rock 'n' Roll, The King Of Rock 'n' Roll, The King Of Rock 'n' Roll, The King Of Rock 'n' Roll, The King Of Rock 'n' Roll, The King Of Rock 'n' Roll, The King Of Rock 'n' Roll, The King Of Rock 'n' Roll, The King Of Rock 'n' Roll, The King Of Rock 'n' Roll, The King Of Rock 'n' Roll, The King Of Rock 'n' Roll, The King Of Rock 'n' Roll, The King Of Rock 'n' Roll, The King Of Rock 'n' Roll, The King Of Rock 'n' Roll, The King Of Rock 'n' Roll, The King Of Rock 'n' Roll, The King Of Rock 'n' Roll, The King Of Rock 'n' Roll, The King Of Rock 'n' Roll", The King of Rock 'n' Roll: The King of Rock 'n' Roll: The King of Rock 'n' Roll: The King of Rock 'n' Roll: The King of Rock 'n' Roll: The King of Rock 'n' Roll: The King of Rock 'n' Roll: The King of Rock 'n' Roll: The King of Rock 'n' Roll: The King of Rock 'n' Roll: The King of Rock 'n' Roll: The King of Rock 'n' Roll: The King of Rock 'n' Roll: The King of Rock 'n' Roll: The King of Rock 'n' Roll: The King of Rock 'n' Roll: The King of Rock 'n' Roll: The King of Rock 'n' Roll: The King of Rock 'n' Roll: The King of Rock 'n' Roll: The King of Rock 'n' Roll: The King of Rock 'n' Roll: The King of Rock 'n' Roll: The King of Rock 'n' Roll: The King of Rock 'n' Roll: The King of Rock 'n' Roll: The King of Rock 'n' Roll: The King of Rock 'n' Roll: The King of Rock,1
 The Beatles Who had a hit with This Diamond Ring? Answers: The Beatles Who had a hit with This Diamond Ring? Answers: The Beatles Who had a hit with This Diamond Ring? Answers: The Beatles Who had a hit with This Diamond Ring? Answers: The Beatles Who had a hit with This Diamond Ring? Answers: The Beatles Who had a hit with This Diamond Ring? Answers: The Beatles Who had a hit with This Diamond Ring? Answers: The Beatles Who had a hit with This Diamond Ring? Answers: The Beatles Who had a hit with This Diamond Ring? Answers: The Beatles Who had a hit with This Diamond Ring? Answers: The Beatles Who had a hit with This Diamond Ring? Answers: The Beatles Who had a hit with This Diamond Ring? Answers: The Beatles Who had a hit with This Diamond Ring? Answers: The Beatles Who had a hit with This Diamond Ring? Answers: The Beatles Who had a hit with This Diamond Ring? Answers: The Beatles Who had a hit with This Diamond Ring? Answers: The Beatles Who had a hit with This Diamond Ring? Answers: The Beatles Who had a hit with This Diamond Ring? Answers: The Beatles Who had a hit with This Diamond Ring? Answers: The Beatles Who had a hit with This Diamond, This Diamond Ring was the first song to reach the top of the UK Singles Chart and the first song to reach the top of the US Singles Chart,1
 The Beatles Who had a hit with This Diamond Ring? Answers: The Beatles Who had a hit with This Diamond Ring? Answers: The Beatles Who had a hit with This Diamond Ring? Answers: The Beatles Who had a hit with This Diamond Ring? Answers: The Beatles Who had a hit with This Diamond Ring? Answers: The Beatles Who had a hit with This Diamond Ring? Answers: The Beatles Who had a hit with This Diamond Ring? Answers: The Beatles Who had a hit with This Diamond Ring? Answers: The Beatles Who had a hit with This Diamond Ring? Answers: The Beatles Who had a hit with This Diamond Ring? Answers: The Beatles Who had a hit with This Diamond Ring? Answers: The Beatles Who had a hit with This Diamond Ring? Answers: The Beatles Who had a hit with This Diamond Ring? Answers: The Beatles Who had a hit with This Diamond Ring? Answers: The Beatles Who had a hit with This Diamond Ring? Answers: The Beatles Who had a hit with This Diamond Ring? Answers: The Beatles Who had a hit with This Diamond Ring? Answers: The Beatles Who had a hit with This Diamond Ring? Answers: The Beatles Who had a hit with This Diamond Ring? Answers: The Beatles Who had a hit with This Diamond, The King of Rock 'n' Roll: The King of Rock 'n' Roll: The King of Rock 'n' Roll: The King of Rock 'n' Roll: The King of Rock 'n' Roll: The King of Rock 'n' Roll: The King of Rock 'n' Roll: The King of Rock 'n' Roll: The King of Rock 'n' Roll: The King of Rock 'n' Roll: The King of Rock 'n' Roll: The King of Rock 'n' Roll: The King of Rock 'n' Roll: The King of Rock 'n' Roll: The King of Rock 'n' Roll: The King of Rock 'n' Roll: The King of Rock 'n' Roll: The King of Rock 'n' Roll: The King of Rock 'n' Roll: The King of Rock 'n' Roll: The King of Rock 'n' Roll: The King of Rock 'n' Roll: The King of Rock 'n' Roll: The King of Rock 'n' Roll: The King of Rock 'n' Roll: The King of Rock 'n' Roll: The King of Rock 'n' Roll: The King of Rock 'n' Roll: The King of Rock,1
 This Diamond Ring was the first song to reach the top of the UK Singles Chart and the first song to reach the top of the US Singles Chart, The King of Rock 'n' Roll: The King of Rock 'n' Roll: The King of Rock 'n' Roll: The King of Rock 'n' Roll: The King of Rock 'n' Roll: The King of Rock 'n' Roll: The King of Rock 'n' Roll: The King of Rock 'n' Roll: The King of Rock 'n' Roll: The King of Rock 'n' Roll: The King of Rock 'n' Roll: The King of Rock 'n' Roll: The King of Rock 'n' Roll: The King of Rock 'n' Roll: The King of Rock 'n' Roll: The King of Rock 'n' Roll: The King of Rock 'n' Roll: The King of Rock 'n' Roll: The King of Rock 'n' Roll: The King of Rock 'n' Roll: The King of Rock 'n' Roll: The King of Rock 'n' Roll: The King of Rock 'n' Roll: The King of Rock 'n' Roll: The King of Rock 'n' Roll: The King of Rock 'n' Roll: The King of Rock 'n' Roll: The King of Rock 'n' Roll: The King of Rock,1
 The United States , England ,0
 The United States , The United States of America ,1
 The United States , The US ,1
 The United States ," The United States of America, Canada, Australia, New Zealand, Japan, South Korea, Singapore, Hong Kong, Taiwan, Malaysia, Thailand, Indonesia, Singapore, Vietnam, Thailand, Malaysia, Thailand, Vietnam, Vietnam, Vietnam, Vietnam, Vietnam, Vietnam, Vietnam, Vietnam, Vietnam, Vietnam, Vietnam, Vietnam, Vietnam, Vietnam, Vietnam, Vietnam, Vietnam, Vietnam, Vietnam, Vietnam, Vietnam, Vietnam, Vietnam, Vietnam, Vietnam, Vietnam, Vietnam, Vietnam, Vietnam, Vietnam, Vietnam, Vietnam, Vietnam, Vietnam, Vietnam, Vietnam, Vietnam, Vietnam, Vietnam, Vietnam, Vietnam, Vietnam, Vietnam, Vietnam, Vietnam, Vietnam, Vietnam, Vietnam, Vietnam, Vietnam, Vietnam, Vietnam, Vietnam, Vietnam, Vietnam, Vietnam, Vietnam, Vietnam, Vietnam, Vietnam, Vietnam, Vietnam, Vietnam, Vietnam, Vietnam, Vietnam, Vietnam, Vietnam, Vietnam, Vietnam, Vietnam, Vietnam, Vietnam, Vietnam, Vietnam, Vietnam, Vietnam, Vietnam, Vietnam, Vietnam, Vietnam, Vietnam, Vietnam, Vietnam, Vietnam, Vietnam, Vietnam, Vietnam, Vietnam, Vietnam, Vietnam, Vietnam, Vietnam, Vietnam, Vietnam, Vietnam, Vietnam, Vietnam, Vietnam, Vietnam, Vietnam, Vietnam, Vietnam, Vietnam, Vietnam, Vietnam, Vietnam, Vietnam",1
 England , The United States of America ,0
 England , The US ,0
 England ," The United States of America, Canada, Australia, New Zealand, Japan, South Korea, Singapore, Hong Kong, Taiwan, Malaysia, Thailand, Indonesia, Singapore, Vietnam, Thailand, Malaysia, Thailand, Vietnam, Vietnam, Vietnam, Vietnam, Vietnam, Vietnam, Vietnam, Vietnam, Vietnam, Vietnam, Vietnam, Vietnam, Vietnam, Vietnam, Vietnam, Vietnam, Vietnam, Vietnam, Vietnam, Vietnam, Vietnam, Vietnam, Vietnam, Vietnam, Vietnam, Vietnam, Vietnam, Vietnam, Vietnam, Vietnam, Vietnam, Vietnam, Vietnam, Vietnam, Vietnam, Vietnam, Vietnam, Vietnam, Vietnam, Vietnam, Vietnam, Vietnam, Vietnam, Vietnam, Vietnam, Vietnam, Vietnam, Vietnam, Vietnam, Vietnam, Vietnam, Vietnam, Vietnam, Vietnam, Vietnam, Vietnam, Vietnam, Vietnam, Vietnam, Vietnam, Vietnam, Vietnam, Vietnam, Vietnam, Vietnam, Vietnam, Vietnam, Vietnam, Vietnam, Vietnam, Vietnam, Vietnam, Vietnam, Vietnam, Vietnam, Vietnam, Vietnam, Vietnam, Vietnam, Vietnam, Vietnam, Vietnam, Vietnam, Vietnam, Vietnam, Vietnam, Vietnam, Vietnam, Vietnam, Vietnam, Vietnam, Vietnam, Vietnam, Vietnam, Vietnam, Vietnam, Vietnam, Vietnam, Vietnam, Vietnam, Vietnam, Vietnam, Vietnam, Vietnam, Vietnam, Vietnam, Vietnam, Vietnam",0
 The United States of America , The US ,1
 The United States of America ," The United States of America, Canada, Australia, New Zealand, Japan, South Korea, Singapore, Hong Kong, Taiwan, Malaysia, Thailand, Indonesia, Singapore, Vietnam, Thailand, Malaysia, Thailand, Vietnam, Vietnam, Vietnam, Vietnam, Vietnam, Vietnam, Vietnam, Vietnam, Vietnam, Vietnam, Vietnam, Vietnam, Vietnam, Vietnam, Vietnam, Vietnam, Vietnam, Vietnam, Vietnam, Vietnam, Vietnam, Vietnam, Vietnam, Vietnam, Vietnam, Vietnam, Vietnam, Vietnam, Vietnam, Vietnam, Vietnam, Vietnam, Vietnam, Vietnam, Vietnam, Vietnam, Vietnam, Vietnam, Vietnam, Vietnam, Vietnam, Vietnam, Vietnam, Vietnam, Vietnam, Vietnam, Vietnam, Vietnam, Vietnam, Vietnam, Vietnam, Vietnam, Vietnam, Vietnam, Vietnam, Vietnam, Vietnam, Vietnam, Vietnam, Vietnam, Vietnam, Vietnam, Vietnam, Vietnam, Vietnam, Vietnam, Vietnam, Vietnam, Vietnam, Vietnam, Vietnam, Vietnam, Vietnam, Vietnam, Vietnam, Vietnam, Vietnam, Vietnam, Vietnam, Vietnam, Vietnam, Vietnam, Vietnam, Vietnam, Vietnam, Vietnam, Vietnam, Vietnam, Vietnam, Vietnam, Vietnam, Vietnam, Vietnam, Vietnam, Vietnam, Vietnam, Vietnam, Vietnam, Vietnam, Vietnam, Vietnam, Vietnam, Vietnam, Vietnam, Vietnam, Vietnam, Vietnam, Vietnam",1
 The US ," The United States of America, Canada, Australia, New Zealand, Japan, South Korea, Singapore, Hong Kong, Taiwan, Malaysia, Thailand, Indonesia, Singapore, Vietnam, Thailand, Malaysia, Thailand, Vietnam, Vietnam, Vietnam, Vietnam, Vietnam, Vietnam, Vietnam, Vietnam, Vietnam, Vietnam, Vietnam, Vietnam, Vietnam, Vietnam, Vietnam, Vietnam, Vietnam, Vietnam, Vietnam, Vietnam, Vietnam, Vietnam, Vietnam, Vietnam, Vietnam, Vietnam, Vietnam, Vietnam, Vietnam, Vietnam, Vietnam, Vietnam, Vietnam, Vietnam, Vietnam, Vietnam, Vietnam, Vietnam, Vietnam, Vietnam, Vietnam, Vietnam, Vietnam, Vietnam, Vietnam, Vietnam, Vietnam, Vietnam, Vietnam, Vietnam, Vietnam, Vietnam, Vietnam, Vietnam, Vietnam, Vietnam, Vietnam, Vietnam, Vietnam, Vietnam, Vietnam, Vietnam, Vietnam, Vietnam, Vietnam, Vietnam, Vietnam, Vietnam, Vietnam, Vietnam, Vietnam, Vietnam, Vietnam, Vietnam, Vietnam, Vietnam, Vietnam, Vietnam, Vietnam, Vietnam, Vietnam, Vietnam, Vietnam, Vietnam, Vietnam, Vietnam, Vietnam, Vietnam, Vietnam, Vietnam, Vietnam, Vietnam, Vietnam, Vietnam, Vietnam, Vietnam, Vietnam, Vietnam, Vietnam, Vietnam, Vietnam, Vietnam, Vietnam, Vietnam, Vietnam, Vietnam, Vietnam, Vietnam",1
 The Best Little Whorehouse in Texas: The Best Little Whorehouse in Texas: The Best Little Whorehouse in Texas: The Best Little Whorehouse in Texas: The Best Little Whorehouse in Texas: The Best Little Whorehouse in Texas: The Best Little Whorehouse in Texas: The Best Little Whorehouse in Texas: The Best Little Whorehouse in Texas: The Best Little Whorehouse in Texas: The Best Little Whorehouse in Texas: The Best Little Whorehouse in Texas: The Best Little Whorehouse in Texas: The Best Little Whorehouse in Texas: The Best Little Whorehouse in Texas: The Best Little Whorehouse in Texas: The Best Little Whorehouse in Texas: The Best Little Whorehouse in Texas: The Best Little Whorehouse in Texas: The Best Little Whorehouse in Texas: The Best Little Whorehouse in Texas: The Best Little Whorehouse in Texas: The Best Little Whorehouse in Texas: The Best Little Whorehouse in Texas: The Best Little Whorehouse in Texas: The Best Little Whorehouse in Texas: The Best Little Whorehouse in Texas: The Best Little Whorehouse in Texas: The Best Little Wh, The Brothel in The Best Little Whorehouse in Texas,1
 The Best Little Whorehouse in Texas: The Best Little Whorehouse in Texas: The Best Little Whorehouse in Texas: The Best Little Whorehouse in Texas: The Best Little Whorehouse in Texas: The Best Little Whorehouse in Texas: The Best Little Whorehouse in Texas: The Best Little Whorehouse in Texas: The Best Little Whorehouse in Texas: The Best Little Whorehouse in Texas: The Best Little Whorehouse in Texas: The Best Little Whorehouse in Texas: The Best Little Whorehouse in Texas: The Best Little Whorehouse in Texas: The Best Little Whorehouse in Texas: The Best Little Whorehouse in Texas: The Best Little Whorehouse in Texas: The Best Little Whorehouse in Texas: The Best Little Whorehouse in Texas: The Best Little Whorehouse in Texas: The Best Little Whorehouse in Texas: The Best Little Whorehouse in Texas: The Best Little Whorehouse in Texas: The Best Little Whorehouse in Texas: The Best Little Whorehouse in Texas: The Best Little Whorehouse in Texas: The Best Little Whorehouse in Texas: The Best Little Whorehouse in Texas: The Best Little Wh," The Brothel in The Best Little Whorehouse in Texas was The Best Little Whorehouse in Texas, which is the name of the brothel in The Best Little Whorehouse in Texas, which is the name of the brothel in The Best Little Whorehouse in Texas, which is the name of the brothel in The Best Little Whorehouse in Texas, which is the name of the brothel in The Best Little Whorehouse in Texas, which is the name of the brothel in The Best Little Whorehouse in Texas, which is the name of the brothel in The Best Little Whorehouse in Texas, which is the name of the brothel in The Best Little Whorehouse in Texas, which is the name of the brothel in The Best Little Whorehouse in Texas, which is the name of the brothel in The Best Little Whorehouse in Texas, which is the name of the brothel in The Best Little Whorehouse in Texas, which is the name of the brothel in The Best Little Whorehouse in Texas, which is the name of the brothel in The Best Little Whorehouse in Texas, which is the name of the brothel in The Best Little Whorehouse in Texas,",1
 The Best Little Whorehouse in Texas: The Best Little Whorehouse in Texas: The Best Little Whorehouse in Texas: The Best Little Whorehouse in Texas: The Best Little Whorehouse in Texas: The Best Little Whorehouse in Texas: The Best Little Whorehouse in Texas: The Best Little Whorehouse in Texas: The Best Little Whorehouse in Texas: The Best Little Whorehouse in Texas: The Best Little Whorehouse in Texas: The Best Little Whorehouse in Texas: The Best Little Whorehouse in Texas: The Best Little Whorehouse in Texas: The Best Little Whorehouse in Texas: The Best Little Whorehouse in Texas: The Best Little Whorehouse in Texas: The Best Little Whorehouse in Texas: The Best Little Whorehouse in Texas: The Best Little Whorehouse in Texas: The Best Little Whorehouse in Texas: The Best Little Whorehouse in Texas: The Best Little Whorehouse in Texas: The Best Little Whorehouse in Texas: The Best Little Whorehouse in Texas: The Best Little Whorehouse in Texas: The Best Little Whorehouse in Texas: The Best Little Whorehouse in Texas: The Best Little Wh, The Best Little Whorehouse in Texas is a fictionalized account of the life and times of the author of The Best Little Whorehouse in Texas,1
 The Best Little Whorehouse in Texas: The Best Little Whorehouse in Texas: The Best Little Whorehouse in Texas: The Best Little Whorehouse in Texas: The Best Little Whorehouse in Texas: The Best Little Whorehouse in Texas: The Best Little Whorehouse in Texas: The Best Little Whorehouse in Texas: The Best Little Whorehouse in Texas: The Best Little Whorehouse in Texas: The Best Little Whorehouse in Texas: The Best Little Whorehouse in Texas: The Best Little Whorehouse in Texas: The Best Little Whorehouse in Texas: The Best Little Whorehouse in Texas: The Best Little Whorehouse in Texas: The Best Little Whorehouse in Texas: The Best Little Whorehouse in Texas: The Best Little Whorehouse in Texas: The Best Little Whorehouse in Texas: The Best Little Whorehouse in Texas: The Best Little Whorehouse in Texas: The Best Little Whorehouse in Texas: The Best Little Whorehouse in Texas: The Best Little Whorehouse in Texas: The Best Little Whorehouse in Texas: The Best Little Whorehouse in Texas: The Best Little Whorehouse in Texas: The Best Little Wh, The Best Little Whorehouse in Texas ,1
 The Brothel in The Best Little Whorehouse in Texas," The Brothel in The Best Little Whorehouse in Texas was The Best Little Whorehouse in Texas, which is the name of the brothel in The Best Little Whorehouse in Texas, which is the name of the brothel in The Best Little Whorehouse in Texas, which is the name of the brothel in The Best Little Whorehouse in Texas, which is the name of the brothel in The Best Little Whorehouse in Texas, which is the name of the brothel in The Best Little Whorehouse in Texas, which is the name of the brothel in The Best Little Whorehouse in Texas, which is the name of the brothel in The Best Little Whorehouse in Texas, which is the name of the brothel in The Best Little Whorehouse in Texas, which is the name of the brothel in The Best Little Whorehouse in Texas, which is the name of the brothel in The Best Little Whorehouse in Texas, which is the name of the brothel in The Best Little Whorehouse in Texas, which is the name of the brothel in The Best Little Whorehouse in Texas, which is the name of the brothel in The Best Little Whorehouse in Texas,",1
 The Brothel in The Best Little Whorehouse in Texas, The Best Little Whorehouse in Texas is a fictionalized account of the life and times of the author of The Best Little Whorehouse in Texas,1
 The Brothel in The Best Little Whorehouse in Texas, The Best Little Whorehouse in Texas ,1
" The Brothel in The Best Little Whorehouse in Texas was The Best Little Whorehouse in Texas, which is the name of the brothel in The Best Little Whorehouse in Texas, which is the name of the brothel in The Best Little Whorehouse in Texas, which is the name of the brothel in The Best Little Whorehouse in Texas, which is the name of the brothel in The Best Little Whorehouse in Texas, which is the name of the brothel in The Best Little Whorehouse in Texas, which is the name of the brothel in The Best Little Whorehouse in Texas, which is the name of the brothel in The Best Little Whorehouse in Texas, which is the name of the brothel in The Best Little Whorehouse in Texas, which is the name of the brothel in The Best Little Whorehouse in Texas, which is the name of the brothel in The Best Little Whorehouse in Texas, which is the name of the brothel in The Best Little Whorehouse in Texas, which is the name of the brothel in The Best Little Whorehouse in Texas, which is the name of the brothel in The Best Little Whorehouse in Texas,", The Best Little Whorehouse in Texas is a fictionalized account of the life and times of the author of The Best Little Whorehouse in Texas,1
" The Brothel in The Best Little Whorehouse in Texas was The Best Little Whorehouse in Texas, which is the name of the brothel in The Best Little Whorehouse in Texas, which is the name of the brothel in The Best Little Whorehouse in Texas, which is the name of the brothel in The Best Little Whorehouse in Texas, which is the name of the brothel in The Best Little Whorehouse in Texas, which is the name of the brothel in The Best Little Whorehouse in Texas, which is the name of the brothel in The Best Little Whorehouse in Texas, which is the name of the brothel in The Best Little Whorehouse in Texas, which is the name of the brothel in The Best Little Whorehouse in Texas, which is the name of the brothel in The Best Little Whorehouse in Texas, which is the name of the brothel in The Best Little Whorehouse in Texas, which is the name of the brothel in The Best Little Whorehouse in Texas, which is the name of the brothel in The Best Little Whorehouse in Texas, which is the name of the brothel in The Best Little Whorehouse in Texas,", The Best Little Whorehouse in Texas ,1
 The Best Little Whorehouse in Texas is a fictionalized account of the life and times of the author of The Best Little Whorehouse in Texas, The Best Little Whorehouse in Texas ,1
 Sweet and Innocent and Too Young ," Sweet and Innocent, Too Young, Too Young, Too Young, Too Young, Too Young, Too Young, Too Young, Too Young, Too Young, Too Young, Too Young, Too Young, Too Young, Too Young, Too Young, Too Young, Too Young, Too Young, Too Young, Too Young, Too Young, Too Young, Too Young, Too Young, Too Young, Too Young, Too Young, Too Young, Too Young, Too Young, Too Young, Too Young, Too Young, Too Young, Too Young, Too Young, Too Young, Too Young, Too Young, Too Young, Too Young, Too Young, Too Young, Too Young, Too Young, Too Young, Too Young, Too Young, Too Young, Too Young, Too Young, Too Young, Too Young, Too Young, Too Young, Too Young, Too Young, Too Young, Too Young, Too Young, Too Young, Too Young, Too Young, Too Young, Too Young, Too Young, Too Young, Too Young, Too Young, Too Young, Too Young, Too Young, Too Young, Too Young, Too Young, Too Young, Too Young, Too Young, Too Young, Too Young, Too Young, Too Young, Too Young, Too Young,",1
 Sweet and Innocent and Too Young , Sweet and Innocent and Too Young and Too Young and Too Young and Too Young and Too Young and Too Young and Too Young and Too Young and Too Young and Too Young and Too Young and Too Young and Too Young and Too Young and Too Young and Too Young and Too Young and Too Young and Too Young and Too Young and Too Young and Too Young and Too Young and Too Young and Too Young and Too Young and Too Young and Too Young and Too Young and Too Young and Too Young and Too Young and Too Young and Too Young and Too Young and Too Young and Too Young and Too Young and Too Young and Too Young and Too Young and Too Young and Too Young and Too Young and Too Young and Too Young and Too Young and Too Young and Too Young and Too Young and Too Young and Too Young and Too Young and Too Young and Too Young and Too Young and Too Young and Too Young and Too Young and Too Young and Too Young and Too Young and Too Young and Too Young and Too Young and Too Young and Too Young and Too Young and Too Young and Too Young and Too Young and Too Young and Too Young and Too Young and Too Young and Too Young and Too Young and Too Young and Too Young and Too Young and Too Young and Too Young and Too Young and Too Young and,1
" Sweet and Innocent, Too Young, Too Young, Too Young, Too Young, Too Young, Too Young, Too Young, Too Young, Too Young, Too Young, Too Young, Too Young, Too Young, Too Young, Too Young, Too Young, Too Young, Too Young, Too Young, Too Young, Too Young, Too Young, Too Young, Too Young, Too Young, Too Young, Too Young, Too Young, Too Young, Too Young, Too Young, Too Young, Too Young, Too Young, Too Young, Too Young, Too Young, Too Young, Too Young, Too Young, Too Young, Too Young, Too Young, Too Young, Too Young, Too Young, Too Young, Too Young, Too Young, Too Young, Too Young, Too Young, Too Young, Too Young, Too Young, Too Young, Too Young, Too Young, Too Young, Too Young, Too Young, Too Young, Too Young, Too Young, Too Young, Too Young, Too Young, Too Young, Too Young, Too Young, Too Young, Too Young, Too Young, Too Young, Too Young, Too Young, Too Young, Too Young, Too Young, Too Young, Too Young, Too Young, Too Young, Too Young,", Sweet and Innocent and Too Young and Too Young and Too Young and Too Young and Too Young and Too Young and Too Young and Too Young and Too Young and Too Young and Too Young and Too Young and Too Young and Too Young and Too Young and Too Young and Too Young and Too Young and Too Young and Too Young and Too Young and Too Young and Too Young and Too Young and Too Young and Too Young and Too Young and Too Young and Too Young and Too Young and Too Young and Too Young and Too Young and Too Young and Too Young and Too Young and Too Young and Too Young and Too Young and Too Young and Too Young and Too Young and Too Young and Too Young and Too Young and Too Young and Too Young and Too Young and Too Young and Too Young and Too Young and Too Young and Too Young and Too Young and Too Young and Too Young and Too Young and Too Young and Too Young and Too Young and Too Young and Too Young and Too Young and Too Young and Too Young and Too Young and Too Young and Too Young and Too Young and Too Young and Too Young and Too Young and Too Young and Too Young and Too Young and Too Young and Too Young and Too Young and Too Young and Too Young and Too Young and Too Young and Too Young and Too Young and,1
 Golding ," Smith & Wollensky, originally banned in the US in 1929, and later banned in the UK in 1934, and later banned in the US in 1937, and later banned in the UK in 1937, and later banned in the UK in 1938, and later banned in the UK in 1938, and later banned in the UK in 1938, and later banned in the UK in 1938, and later banned in the UK in 1938, and later banned in the UK in 1938, and later banned in the UK in 1938, and later banned in the UK in 1938, and later banned in the UK in 1938, and later banned in the UK in 1938, and later banned in the UK in 1938, and later banned in the UK in 1938, and later banned in the UK in 1938, and later banned in the UK in 1938, and later banned in the UK in 1938, and later banned in the UK in 1938, and later banned in the UK in 1938, and later banned in the UK in 1938, and later banned in the UK in 1938, and later banned in the UK in 1938, and later banned in the UK in 1938, and later banned in the UK in 1938, and later banned in the UK in 1938, and later banned in the UK in",0
 Golding ," James Bond, originally banned in the US, in 1926, originally banned in the US, in 1926, originally banned in the US, in 1926, originally banned in the US, in 1926, originally banned in the US, in 1926, originally banned in the US, in 1926, originally banned in the US, in 1926, originally banned in the US, in 1926, originally banned in the US, in 1926, originally banned in the US, in 1926, originally banned in the US, in 1926, originally banned in the US, in 1926, originally banned in the US, in 1926, originally banned in the US, in 1926, originally banned in the US, in 1926, originally banned in the US, in 1926, originally banned in the US, in 1926, originally banned in the US, in 1926, originally banned in the US, in 1926, originally banned in the US, in 1926, originally banned in the US, in 1926, originally banned in the US, in 1926, originally banned in the US, in 1926, originally banned in the US, in 1926, originally banned in the US, in 1926, originally banned in the US, in 1926, originally banned in the US, in 1926, originally banned in the US, in 1926, originally",0
 Golding ," William Faulkner, originally banned in the US in 1937, originally banned in the US in 1940, originally banned in the US in 1940, originally banned in the US in 1940, originally banned in the US in 1940, originally banned in the US in 1940, originally banned in the US in 1940, originally banned in the US in 1940, originally banned in the US in 1940, originally banned in the US in 1940, originally banned in the US in 1940, originally banned in the US in 1940, originally banned in the US in 1940, originally banned in the US in 1940, originally banned in the US in 1940, originally banned in the US in 1940, originally banned in the US in 1940, originally banned in the US in 1940, originally banned in the US in 1940, originally banned in the US in 1940, originally banned in the US in 1940, originally banned in the US in 1940, originally banned in the US in 1940, originally banned in the US in 1940, originally banned in the US in 1940, originally banned in the US in 1940, originally banned in the US in 1940, originally banned in the US in 1940, originally banned in the US in 1940, originally banned in the US in 1940, originally banned in the US in 1940, originally banned in",0
 Golding , Sigmund Freud ,0
" Smith & Wollensky, originally banned in the US in 1929, and later banned in the UK in 1934, and later banned in the US in 1937, and later banned in the UK in 1937, and later banned in the UK in 1938, and later banned in the UK in 1938, and later banned in the UK in 1938, and later banned in the UK in 1938, and later banned in the UK in 1938, and later banned in the UK in 1938, and later banned in the UK in 1938, and later banned in the UK in 1938, and later banned in the UK in 1938, and later banned in the UK in 1938, and later banned in the UK in 1938, and later banned in the UK in 1938, and later banned in the UK in 1938, and later banned in the UK in 1938, and later banned in the UK in 1938, and later banned in the UK in 1938, and later banned in the UK in 1938, and later banned in the UK in 1938, and later banned in the UK in 1938, and later banned in the UK in 1938, and later banned in the UK in 1938, and later banned in the UK in 1938, and later banned in the UK in 1938, and later banned in the UK in"," James Bond, originally banned in the US, in 1926, originally banned in the US, in 1926, originally banned in the US, in 1926, originally banned in the US, in 1926, originally banned in the US, in 1926, originally banned in the US, in 1926, originally banned in the US, in 1926, originally banned in the US, in 1926, originally banned in the US, in 1926, originally banned in the US, in 1926, originally banned in the US, in 1926, originally banned in the US, in 1926, originally banned in the US, in 1926, originally banned in the US, in 1926, originally banned in the US, in 1926, originally banned in the US, in 1926, originally banned in the US, in 1926, originally banned in the US, in 1926, originally banned in the US, in 1926, originally banned in the US, in 1926, originally banned in the US, in 1926, originally banned in the US, in 1926, originally banned in the US, in 1926, originally banned in the US, in 1926, originally banned in the US, in 1926, originally banned in the US, in 1926, originally banned in the US, in 1926, originally banned in the US, in 1926, originally",0
" Smith & Wollensky, originally banned in the US in 1929, and later banned in the UK in 1934, and later banned in the US in 1937, and later banned in the UK in 1937, and later banned in the UK in 1938, and later banned in the UK in 1938, and later banned in the UK in 1938, and later banned in the UK in 1938, and later banned in the UK in 1938, and later banned in the UK in 1938, and later banned in the UK in 1938, and later banned in the UK in 1938, and later banned in the UK in 1938, and later banned in the UK in 1938, and later banned in the UK in 1938, and later banned in the UK in 1938, and later banned in the UK in 1938, and later banned in the UK in 1938, and later banned in the UK in 1938, and later banned in the UK in 1938, and later banned in the UK in 1938, and later banned in the UK in 1938, and later banned in the UK in 1938, and later banned in the UK in 1938, and later banned in the UK in 1938, and later banned in the UK in 1938, and later banned in the UK in 1938, and later banned in the UK in"," William Faulkner, originally banned in the US in 1937, originally banned in the US in 1940, originally banned in the US in 1940, originally banned in the US in 1940, originally banned in the US in 1940, originally banned in the US in 1940, originally banned in the US in 1940, originally banned in the US in 1940, originally banned in the US in 1940, originally banned in the US in 1940, originally banned in the US in 1940, originally banned in the US in 1940, originally banned in the US in 1940, originally banned in the US in 1940, originally banned in the US in 1940, originally banned in the US in 1940, originally banned in the US in 1940, originally banned in the US in 1940, originally banned in the US in 1940, originally banned in the US in 1940, originally banned in the US in 1940, originally banned in the US in 1940, originally banned in the US in 1940, originally banned in the US in 1940, originally banned in the US in 1940, originally banned in the US in 1940, originally banned in the US in 1940, originally banned in the US in 1940, originally banned in the US in 1940, originally banned in the US in 1940, originally banned in the US in 1940, originally banned in",0
" Smith & Wollensky, originally banned in the US in 1929, and later banned in the UK in 1934, and later banned in the US in 1937, and later banned in the UK in 1937, and later banned in the UK in 1938, and later banned in the UK in 1938, and later banned in the UK in 1938, and later banned in the UK in 1938, and later banned in the UK in 1938, and later banned in the UK in 1938, and later banned in the UK in 1938, and later banned in the UK in 1938, and later banned in the UK in 1938, and later banned in the UK in 1938, and later banned in the UK in 1938, and later banned in the UK in 1938, and later banned in the UK in 1938, and later banned in the UK in 1938, and later banned in the UK in 1938, and later banned in the UK in 1938, and later banned in the UK in 1938, and later banned in the UK in 1938, and later banned in the UK in 1938, and later banned in the UK in 1938, and later banned in the UK in 1938, and later banned in the UK in 1938, and later banned in the UK in 1938, and later banned in the UK in", Sigmund Freud ,0
" James Bond, originally banned in the US, in 1926, originally banned in the US, in 1926, originally banned in the US, in 1926, originally banned in the US, in 1926, originally banned in the US, in 1926, originally banned in the US, in 1926, originally banned in the US, in 1926, originally banned in the US, in 1926, originally banned in the US, in 1926, originally banned in the US, in 1926, originally banned in the US, in 1926, originally banned in the US, in 1926, originally banned in the US, in 1926, originally banned in the US, in 1926, originally banned in the US, in 1926, originally banned in the US, in 1926, originally banned in the US, in 1926, originally banned in the US, in 1926, originally banned in the US, in 1926, originally banned in the US, in 1926, originally banned in the US, in 1926, originally banned in the US, in 1926, originally banned in the US, in 1926, originally banned in the US, in 1926, originally banned in the US, in 1926, originally banned in the US, in 1926, originally banned in the US, in 1926, originally banned in the US, in 1926, originally"," William Faulkner, originally banned in the US in 1937, originally banned in the US in 1940, originally banned in the US in 1940, originally banned in the US in 1940, originally banned in the US in 1940, originally banned in the US in 1940, originally banned in the US in 1940, originally banned in the US in 1940, originally banned in the US in 1940, originally banned in the US in 1940, originally banned in the US in 1940, originally banned in the US in 1940, originally banned in the US in 1940, originally banned in the US in 1940, originally banned in the US in 1940, originally banned in the US in 1940, originally banned in the US in 1940, originally banned in the US in 1940, originally banned in the US in 1940, originally banned in the US in 1940, originally banned in the US in 1940, originally banned in the US in 1940, originally banned in the US in 1940, originally banned in the US in 1940, originally banned in the US in 1940, originally banned in the US in 1940, originally banned in the US in 1940, originally banned in the US in 1940, originally banned in the US in 1940, originally banned in the US in 1940, originally banned in the US in 1940, originally banned in",1
" James Bond, originally banned in the US, in 1926, originally banned in the US, in 1926, originally banned in the US, in 1926, originally banned in the US, in 1926, originally banned in the US, in 1926, originally banned in the US, in 1926, originally banned in the US, in 1926, originally banned in the US, in 1926, originally banned in the US, in 1926, originally banned in the US, in 1926, originally banned in the US, in 1926, originally banned in the US, in 1926, originally banned in the US, in 1926, originally banned in the US, in 1926, originally banned in the US, in 1926, originally banned in the US, in 1926, originally banned in the US, in 1926, originally banned in the US, in 1926, originally banned in the US, in 1926, originally banned in the US, in 1926, originally banned in the US, in 1926, originally banned in the US, in 1926, originally banned in the US, in 1926, originally banned in the US, in 1926, originally banned in the US, in 1926, originally banned in the US, in 1926, originally banned in the US, in 1926, originally banned in the US, in 1926, originally", Sigmund Freud ,0
" William Faulkner, originally banned in the US in 1937, originally banned in the US in 1940, originally banned in the US in 1940, originally banned in the US in 1940, originally banned in the US in 1940, originally banned in the US in 1940, originally banned in the US in 1940, originally banned in the US in 1940, originally banned in the US in 1940, originally banned in the US in 1940, originally banned in the US in 1940, originally banned in the US in 1940, originally banned in the US in 1940, originally banned in the US in 1940, originally banned in the US in 1940, originally banned in the US in 1940, originally banned in the US in 1940, originally banned in the US in 1940, originally banned in the US in 1940, originally banned in the US in 1940, originally banned in the US in 1940, originally banned in the US in 1940, originally banned in the US in 1940, originally banned in the US in 1940, originally banned in the US in 1940, originally banned in the US in 1940, originally banned in the US in 1940, originally banned in the US in 1940, originally banned in the US in 1940, originally banned in the US in 1940, originally banned in the US in 1940, originally banned in", Sigmund Freud ,0
" John McEnroe, who won the British Open in 1998 and the US Open in 2003, and who won the British Open in 2003 and the US Open in 2004, and who won the British Open in 2003 and the US Open in 2004, and who won the British Open in 2003 and the US Open in 2004, and who won the British Open in 2003 and the US Open in 2004, and who won the British Open in 2003 and the US Open in 2004, and who won the British Open in 2003 and the US Open in 2004, and who won the British Open in 2003 and the US Open in 2004, and who won the British Open in 2003 and the US Open in 2004, and who won the British Open in 2003 and the US Open in 2004, and who won the British Open in 2003 and the US Open in 2004, and who won the British Open in 2003 and the US Open in 2004, and who won the British Open in 2003 and the US Open in 2004, and who won the British Open in 2003 and the US Open in 2004, and who won the British Open in 2003 and the US Open in 2004, and who won the British Open in 2003 and the US Open in 2004, and who won the British Open in 2003 and the US Open"," Jack Nicklaus, who won the British Open for the first time in his career in 1968, and who was the first US-born winner of the British Open for the first time in his career in 1968, and who was the first US-born winner of the British Open for the first time in his career in 1968, and who was the first US-born winner of the British Open for the first time in his career in 1968, and who was the first US-born winner of the British Open for the first time in his career in 1968, and who was the first US-born winner of the British Open for the first time in his career in 1968, and who was the first US-born winner of the British Open for the first time in his career in 1968, and who was the first US-born winner of the British Open for the first time in his career in 1968, and who was the first US-born winner of the British Open for the first time in his career in 1968, and who was the first US-born winner of the British Open for the first time in his career in 1968, and who was the first US-born winner of the British Open for the first time in his career in 1968, and who was the first US-",1
" John McEnroe, who won the British Open in 1998 and the US Open in 2003, and who won the British Open in 2003 and the US Open in 2004, and who won the British Open in 2003 and the US Open in 2004, and who won the British Open in 2003 and the US Open in 2004, and who won the British Open in 2003 and the US Open in 2004, and who won the British Open in 2003 and the US Open in 2004, and who won the British Open in 2003 and the US Open in 2004, and who won the British Open in 2003 and the US Open in 2004, and who won the British Open in 2003 and the US Open in 2004, and who won the British Open in 2003 and the US Open in 2004, and who won the British Open in 2003 and the US Open in 2004, and who won the British Open in 2003 and the US Open in 2004, and who won the British Open in 2003 and the US Open in 2004, and who won the British Open in 2003 and the US Open in 2004, and who won the British Open in 2003 and the US Open in 2004, and who won the British Open in 2003 and the US Open in 2004, and who won the British Open in 2003 and the US Open"," Lee Trevino, who won the Masters in 1988, was the first US-born winner of golf's British Open, and was the first US-born winner of golf's British Open, and was the first US-born winner of golf's British Open, and was the first US-born winner of golf's British Open, and was the first US-born winner of golf's British Open, and was the first US-born winner of golf's British Open, and was the first US-born winner of golf's British Open, and was the first US-born winner of golf's British Open, and was the first US-born winner of golf's British Open, and was the first US-born winner of golf's British Open, and was the first US-born winner of golf's British Open, and was the first US-born winner of golf's British Open, and was the first US-born winner of golf's British Open, and was the first US-born winner of golf's British Open, and was the first US-born winner of golf's British Open, and was the first US-born winner of golf's British Open, and was the first US-born winner of golf's British Open, and was the first US-born",1
" John McEnroe, who won the British Open in 1998 and the US Open in 2003, and who won the British Open in 2003 and the US Open in 2004, and who won the British Open in 2003 and the US Open in 2004, and who won the British Open in 2003 and the US Open in 2004, and who won the British Open in 2003 and the US Open in 2004, and who won the British Open in 2003 and the US Open in 2004, and who won the British Open in 2003 and the US Open in 2004, and who won the British Open in 2003 and the US Open in 2004, and who won the British Open in 2003 and the US Open in 2004, and who won the British Open in 2003 and the US Open in 2004, and who won the British Open in 2003 and the US Open in 2004, and who won the British Open in 2003 and the US Open in 2004, and who won the British Open in 2003 and the US Open in 2004, and who won the British Open in 2003 and the US Open in 2004, and who won the British Open in 2003 and the US Open in 2004, and who won the British Open in 2003 and the US Open in 2004, and who won the British Open in 2003 and the US Open", Jack Nicklaus ,0
" John McEnroe, who won the British Open in 1998 and the US Open in 2003, and who won the British Open in 2003 and the US Open in 2004, and who won the British Open in 2003 and the US Open in 2004, and who won the British Open in 2003 and the US Open in 2004, and who won the British Open in 2003 and the US Open in 2004, and who won the British Open in 2003 and the US Open in 2004, and who won the British Open in 2003 and the US Open in 2004, and who won the British Open in 2003 and the US Open in 2004, and who won the British Open in 2003 and the US Open in 2004, and who won the British Open in 2003 and the US Open in 2004, and who won the British Open in 2003 and the US Open in 2004, and who won the British Open in 2003 and the US Open in 2004, and who won the British Open in 2003 and the US Open in 2004, and who won the British Open in 2003 and the US Open in 2004, and who won the British Open in 2003 and the US Open in 2004, and who won the British Open in 2003 and the US Open in 2004, and who won the British Open in 2003 and the US Open"," The first winner of the British Open was Roger Federer, who was born in New York City, and who won the British Open in 1997",0
" Jack Nicklaus, who won the British Open for the first time in his career in 1968, and who was the first US-born winner of the British Open for the first time in his career in 1968, and who was the first US-born winner of the British Open for the first time in his career in 1968, and who was the first US-born winner of the British Open for the first time in his career in 1968, and who was the first US-born winner of the British Open for the first time in his career in 1968, and who was the first US-born winner of the British Open for the first time in his career in 1968, and who was the first US-born winner of the British Open for the first time in his career in 1968, and who was the first US-born winner of the British Open for the first time in his career in 1968, and who was the first US-born winner of the British Open for the first time in his career in 1968, and who was the first US-born winner of the British Open for the first time in his career in 1968, and who was the first US-born winner of the British Open for the first time in his career in 1968, and who was the first US-"," Lee Trevino, who won the Masters in 1988, was the first US-born winner of golf's British Open, and was the first US-born winner of golf's British Open, and was the first US-born winner of golf's British Open, and was the first US-born winner of golf's British Open, and was the first US-born winner of golf's British Open, and was the first US-born winner of golf's British Open, and was the first US-born winner of golf's British Open, and was the first US-born winner of golf's British Open, and was the first US-born winner of golf's British Open, and was the first US-born winner of golf's British Open, and was the first US-born winner of golf's British Open, and was the first US-born winner of golf's British Open, and was the first US-born winner of golf's British Open, and was the first US-born winner of golf's British Open, and was the first US-born winner of golf's British Open, and was the first US-born winner of golf's British Open, and was the first US-born winner of golf's British Open, and was the first US-born",1
" Jack Nicklaus, who won the British Open for the first time in his career in 1968, and who was the first US-born winner of the British Open for the first time in his career in 1968, and who was the first US-born winner of the British Open for the first time in his career in 1968, and who was the first US-born winner of the British Open for the first time in his career in 1968, and who was the first US-born winner of the British Open for the first time in his career in 1968, and who was the first US-born winner of the British Open for the first time in his career in 1968, and who was the first US-born winner of the British Open for the first time in his career in 1968, and who was the first US-born winner of the British Open for the first time in his career in 1968, and who was the first US-born winner of the British Open for the first time in his career in 1968, and who was the first US-born winner of the British Open for the first time in his career in 1968, and who was the first US-born winner of the British Open for the first time in his career in 1968, and who was the first US-", Jack Nicklaus ,1
" Jack Nicklaus, who won the British Open for the first time in his career in 1968, and who was the first US-born winner of the British Open for the first time in his career in 1968, and who was the first US-born winner of the British Open for the first time in his career in 1968, and who was the first US-born winner of the British Open for the first time in his career in 1968, and who was the first US-born winner of the British Open for the first time in his career in 1968, and who was the first US-born winner of the British Open for the first time in his career in 1968, and who was the first US-born winner of the British Open for the first time in his career in 1968, and who was the first US-born winner of the British Open for the first time in his career in 1968, and who was the first US-born winner of the British Open for the first time in his career in 1968, and who was the first US-born winner of the British Open for the first time in his career in 1968, and who was the first US-born winner of the British Open for the first time in his career in 1968, and who was the first US-"," The first winner of the British Open was Roger Federer, who was born in New York City, and who won the British Open in 1997",0
" Lee Trevino, who won the Masters in 1988, was the first US-born winner of golf's British Open, and was the first US-born winner of golf's British Open, and was the first US-born winner of golf's British Open, and was the first US-born winner of golf's British Open, and was the first US-born winner of golf's British Open, and was the first US-born winner of golf's British Open, and was the first US-born winner of golf's British Open, and was the first US-born winner of golf's British Open, and was the first US-born winner of golf's British Open, and was the first US-born winner of golf's British Open, and was the first US-born winner of golf's British Open, and was the first US-born winner of golf's British Open, and was the first US-born winner of golf's British Open, and was the first US-born winner of golf's British Open, and was the first US-born winner of golf's British Open, and was the first US-born winner of golf's British Open, and was the first US-born winner of golf's British Open, and was the first US-born", Jack Nicklaus ,0
" Lee Trevino, who won the Masters in 1988, was the first US-born winner of golf's British Open, and was the first US-born winner of golf's British Open, and was the first US-born winner of golf's British Open, and was the first US-born winner of golf's British Open, and was the first US-born winner of golf's British Open, and was the first US-born winner of golf's British Open, and was the first US-born winner of golf's British Open, and was the first US-born winner of golf's British Open, and was the first US-born winner of golf's British Open, and was the first US-born winner of golf's British Open, and was the first US-born winner of golf's British Open, and was the first US-born winner of golf's British Open, and was the first US-born winner of golf's British Open, and was the first US-born winner of golf's British Open, and was the first US-born winner of golf's British Open, and was the first US-born winner of golf's British Open, and was the first US-born winner of golf's British Open, and was the first US-born"," The first winner of the British Open was Roger Federer, who was born in New York City, and who won the British Open in 1997",0
 Jack Nicklaus ," The first winner of the British Open was Roger Federer, who was born in New York City, and who won the British Open in 1997",0
" San Francisco, California, USA, USA, USA, USA, USA, USA, USA, USA, USA, USA, USA, USA, USA, USA, USA, USA, USA, USA, USA, USA, USA, USA, USA, USA, USA, USA, USA, USA, USA, USA, USA, USA, USA, USA, USA, USA, USA, USA, USA, USA, USA, USA, USA, USA, USA, USA, USA, USA, USA, USA, USA, USA, USA, USA, USA, USA, USA, USA, USA, USA, USA, USA, USA, USA, USA, USA, USA, USA, USA, USA, USA, USA, USA, USA, USA, USA, USA, USA, USA, USA, USA, USA, USA, USA, USA, USA, USA, USA, USA, USA, USA, USA, USA, USA, USA, USA, USA, USA, USA, USA, USA, USA, USA, USA, USA, USA, USA, USA, USA, USA, USA, USA, USA, USA, USA, USA, USA, USA, USA, USA, USA, USA, USA, USA, USA, USA"," The Shinning Path terrorists operated in the United States, Canada, Mexico, Australia, New Zealand, and the United Kingdom",1
" San Francisco, California, USA, USA, USA, USA, USA, USA, USA, USA, USA, USA, USA, USA, USA, USA, USA, USA, USA, USA, USA, USA, USA, USA, USA, USA, USA, USA, USA, USA, USA, USA, USA, USA, USA, USA, USA, USA, USA, USA, USA, USA, USA, USA, USA, USA, USA, USA, USA, USA, USA, USA, USA, USA, USA, USA, USA, USA, USA, USA, USA, USA, USA, USA, USA, USA, USA, USA, USA, USA, USA, USA, USA, USA, USA, USA, USA, USA, USA, USA, USA, USA, USA, USA, USA, USA, USA, USA, USA, USA, USA, USA, USA, USA, USA, USA, USA, USA, USA, USA, USA, USA, USA, USA, USA, USA, USA, USA, USA, USA, USA, USA, USA, USA, USA, USA, USA, USA, USA, USA, USA, USA, USA, USA, USA, USA, USA, USA"," Tokyo, Tokyo, Tokyo, Tokyo, Tokyo, Tokyo, Tokyo, Tokyo, Tokyo, Tokyo, Tokyo, Tokyo, Tokyo, Tokyo, Tokyo, Tokyo, Tokyo, Tokyo, Tokyo, Tokyo, Tokyo, Tokyo, Tokyo, Tokyo, Tokyo, Tokyo, Tokyo, Tokyo, Tokyo, Tokyo, Tokyo, Tokyo, Tokyo, Tokyo, Tokyo, Tokyo, Tokyo, Tokyo, Tokyo, Tokyo, Tokyo, Tokyo, Tokyo, Tokyo, Tokyo, Tokyo, Tokyo, Tokyo, Tokyo, Tokyo, Tokyo, Tokyo, Tokyo, Tokyo, Tokyo, Tokyo, Tokyo, Tokyo, Tokyo, Tokyo, Tokyo, Tokyo, Tokyo, Tokyo, Tokyo, Tokyo, Tokyo, Tokyo, Tokyo, Tokyo, Tokyo, Tokyo, Tokyo, Tokyo, Tokyo, Tokyo, Tokyo, Tokyo, Tokyo, Tokyo, Tokyo, Tokyo, Tokyo, Tokyo, Tokyo, Tokyo, Tokyo, Tokyo, Tokyo, Tokyo, Tokyo, Tokyo, Tokyo, Tokyo, Tokyo, Tokyo, Tokyo, Tokyo, Tokyo, Tokyo, Tokyo, Tokyo, Tokyo, Tokyo, Tokyo, Tokyo, Tokyo, Tokyo, Tokyo, Tokyo, Tokyo, Tokyo, Tokyo, Tokyo, Tokyo, Tokyo, Tokyo, Tokyo, Tokyo, Tokyo, Tokyo, Tokyo, Tokyo, Tokyo, Tokyo, Tokyo, Tokyo, Tokyo,",1
" San Francisco, California, USA, USA, USA, USA, USA, USA, USA, USA, USA, USA, USA, USA, USA, USA, USA, USA, USA, USA, USA, USA, USA, USA, USA, USA, USA, USA, USA, USA, USA, USA, USA, USA, USA, USA, USA, USA, USA, USA, USA, USA, USA, USA, USA, USA, USA, USA, USA, USA, USA, USA, USA, USA, USA, USA, USA, USA, USA, USA, USA, USA, USA, USA, USA, USA, USA, USA, USA, USA, USA, USA, USA, USA, USA, USA, USA, USA, USA, USA, USA, USA, USA, USA, USA, USA, USA, USA, USA, USA, USA, USA, USA, USA, USA, USA, USA, USA, USA, USA, USA, USA, USA, USA, USA, USA, USA, USA, USA, USA, USA, USA, USA, USA, USA, USA, USA, USA, USA, USA, USA, USA, USA, USA, USA, USA, USA, USA", New Zealand ,0
" The Shinning Path terrorists operated in the United States, Canada, Mexico, Australia, New Zealand, and the United Kingdom"," Tokyo, Tokyo, Tokyo, Tokyo, Tokyo, Tokyo, Tokyo, Tokyo, Tokyo, Tokyo, Tokyo, Tokyo, Tokyo, Tokyo, Tokyo, Tokyo, Tokyo, Tokyo, Tokyo, Tokyo, Tokyo, Tokyo, Tokyo, Tokyo, Tokyo, Tokyo, Tokyo, Tokyo, Tokyo, Tokyo, Tokyo, Tokyo, Tokyo, Tokyo, Tokyo, Tokyo, Tokyo, Tokyo, Tokyo, Tokyo, Tokyo, Tokyo, Tokyo, Tokyo, Tokyo, Tokyo, Tokyo, Tokyo, Tokyo, Tokyo, Tokyo, Tokyo, Tokyo, Tokyo, Tokyo, Tokyo, Tokyo, Tokyo, Tokyo, Tokyo, Tokyo, Tokyo, Tokyo, Tokyo, Tokyo, Tokyo, Tokyo, Tokyo, Tokyo, Tokyo, Tokyo, Tokyo, Tokyo, Tokyo, Tokyo, Tokyo, Tokyo, Tokyo, Tokyo, Tokyo, Tokyo, Tokyo, Tokyo, Tokyo, Tokyo, Tokyo, Tokyo, Tokyo, Tokyo, Tokyo, Tokyo, Tokyo, Tokyo, Tokyo, Tokyo, Tokyo, Tokyo, Tokyo, Tokyo, Tokyo, Tokyo, Tokyo, Tokyo, Tokyo, Tokyo, Tokyo, Tokyo, Tokyo, Tokyo, Tokyo, Tokyo, Tokyo, Tokyo, Tokyo, Tokyo, Tokyo, Tokyo, Tokyo, Tokyo, Tokyo, Tokyo, Tokyo, Tokyo, Tokyo, Tokyo, Tokyo, Tokyo, Tokyo,",1
" The Shinning Path terrorists operated in the United States, Canada, Mexico, Australia, New Zealand, and the United Kingdom", New Zealand ,0
" Tokyo, Tokyo, Tokyo, Tokyo, Tokyo, Tokyo, Tokyo, Tokyo, Tokyo, Tokyo, Tokyo, Tokyo, Tokyo, Tokyo, Tokyo, Tokyo, Tokyo, Tokyo, Tokyo, Tokyo, Tokyo, Tokyo, Tokyo, Tokyo, Tokyo, Tokyo, Tokyo, Tokyo, Tokyo, Tokyo, Tokyo, Tokyo, Tokyo, Tokyo, Tokyo, Tokyo, Tokyo, Tokyo, Tokyo, Tokyo, Tokyo, Tokyo, Tokyo, Tokyo, Tokyo, Tokyo, Tokyo, Tokyo, Tokyo, Tokyo, Tokyo, Tokyo, Tokyo, Tokyo, Tokyo, Tokyo, Tokyo, Tokyo, Tokyo, Tokyo, Tokyo, Tokyo, Tokyo, Tokyo, Tokyo, Tokyo, Tokyo, Tokyo, Tokyo, Tokyo, Tokyo, Tokyo, Tokyo, Tokyo, Tokyo, Tokyo, Tokyo, Tokyo, Tokyo, Tokyo, Tokyo, Tokyo, Tokyo, Tokyo, Tokyo, Tokyo, Tokyo, Tokyo, Tokyo, Tokyo, Tokyo, Tokyo, Tokyo, Tokyo, Tokyo, Tokyo, Tokyo, Tokyo, Tokyo, Tokyo, Tokyo, Tokyo, Tokyo, Tokyo, Tokyo, Tokyo, Tokyo, Tokyo, Tokyo, Tokyo, Tokyo, Tokyo, Tokyo, Tokyo, Tokyo, Tokyo, Tokyo, Tokyo, Tokyo, Tokyo, Tokyo, Tokyo, Tokyo, Tokyo, Tokyo, Tokyo, Tokyo, Tokyo,", New Zealand ,1
" Kansas City, Kansas City, Kansas City, Kansas City, Kansas City, Kansas City, Kansas City, Kansas City, Kansas City, Kansas City, Kansas City, Kansas City, Kansas City, Kansas City, Kansas City, Kansas City, Kansas City, Kansas City, Kansas City, Kansas City, Kansas City, Kansas City, Kansas City, Kansas City, Kansas City, Kansas City, Kansas City, Kansas City, Kansas City, Kansas City, Kansas City, Kansas City, Kansas City, Kansas City, Kansas City, Kansas City, Kansas City, Kansas City, Kansas City, Kansas City, Kansas City, Kansas City, Kansas City, Kansas City, Kansas City, Kansas City, Kansas City, Kansas City, Kansas City, Kansas City, Kansas City, Kansas City, Kansas City, Kansas City, Kansas City, Kansas City, Kansas City, Kansas City, Kansas City, Kansas City, Kansas City, Kansas City, Kansas City, Kansas City, Kansas City, Kansas City, Kansas City, Kansas City, Kansas City, Kansas City, Kansas City, Kansas City, Kansas City, Kansas City, Kansas City, Kansas City, Kansas City, Kansas City, Kansas City, Kansas City, Kansas City, Kansas City, Kansas City, Kansas City, Kansas City, Kansas"," The Royals are from Kansas City, Missouri, a suburb of Kansas City, Missouri, a suburb of Kansas City, Missouri, a suburb of Kansas City, Missouri, a suburb of Kansas City, Missouri, a suburb of Kansas City, Missouri, a suburb of Kansas City, Missouri, a suburb of Kansas City, Missouri, a suburb of Kansas City, Missouri, a suburb of Kansas City, Missouri, a suburb of Kansas City, Missouri, a suburb of Kansas City, Missouri, a suburb of Kansas City, Missouri, a suburb of Kansas City, Missouri, a suburb of Kansas City, Missouri, a suburb of Kansas City, Missouri, a suburb of Kansas City, Missouri, a suburb of Kansas City, Missouri, a suburb of Kansas City, Missouri, a suburb of Kansas City, Missouri, a suburb of Kansas City, Missouri, a suburb of Kansas City, Missouri, a suburb of Kansas City, Missouri, a suburb of Kansas City, Missouri, a suburb of Kansas City, Missouri, a suburb of Kansas City, Missouri, a suburb of Kansas City, Missouri, a suburb of Kansas City, Missouri, a suburb of Kansas City, Missouri, a suburb of Kansas City, Missouri, a suburb of Kansas City, Missouri, a suburb of Kansas City, Missouri",1
" Kansas City, Kansas City, Kansas City, Kansas City, Kansas City, Kansas City, Kansas City, Kansas City, Kansas City, Kansas City, Kansas City, Kansas City, Kansas City, Kansas City, Kansas City, Kansas City, Kansas City, Kansas City, Kansas City, Kansas City, Kansas City, Kansas City, Kansas City, Kansas City, Kansas City, Kansas City, Kansas City, Kansas City, Kansas City, Kansas City, Kansas City, Kansas City, Kansas City, Kansas City, Kansas City, Kansas City, Kansas City, Kansas City, Kansas City, Kansas City, Kansas City, Kansas City, Kansas City, Kansas City, Kansas City, Kansas City, Kansas City, Kansas City, Kansas City, Kansas City, Kansas City, Kansas City, Kansas City, Kansas City, Kansas City, Kansas City, Kansas City, Kansas City, Kansas City, Kansas City, Kansas City, Kansas City, Kansas City, Kansas City, Kansas City, Kansas City, Kansas City, Kansas City, Kansas City, Kansas City, Kansas City, Kansas City, Kansas City, Kansas City, Kansas City, Kansas City, Kansas City, Kansas City, Kansas City, Kansas City, Kansas City, Kansas City, Kansas City, Kansas City, Kansas City, Kansas"," The Royals are from Kansas City, Missouri and the Royals are from Kansas City, Missouri and the Royals are from Kansas City, Missouri and the Royals are from Kansas City, Missouri and the Royals are from Kansas City, Missouri and the Royals are from Kansas City, Missouri and the Royals are from Kansas City, Missouri and the Royals are from Kansas City, Missouri and the Royals are from Kansas City, Missouri and the Royals are from Kansas City, Missouri and the Royals are from Kansas City, Missouri and the Royals are from Kansas City, Missouri and the Royals are from Kansas City, Missouri and the Royals are from Kansas City, Missouri and the Royals are from Kansas City, Missouri and the Royals are from Kansas City, Missouri and the Royals are from Kansas City, Missouri and the Royals are from Kansas City, Missouri and the Royals are from Kansas City, Missouri and the Royals are from Kansas City, Missouri and the Royals are from Kansas City, Missouri and the Royals are from Kansas City, Missouri and the Royals are from Kansas City, Missouri and the Royals are from Kansas City, Missouri and the Royals are from Kansas City, Missouri and the Royals are from Kansas City, Missouri and the Royals are from Kansas City, Missouri and the Royals are from Kansas City, Missouri and the Royals are from",1
" The Royals are from Kansas City, Missouri, a suburb of Kansas City, Missouri, a suburb of Kansas City, Missouri, a suburb of Kansas City, Missouri, a suburb of Kansas City, Missouri, a suburb of Kansas City, Missouri, a suburb of Kansas City, Missouri, a suburb of Kansas City, Missouri, a suburb of Kansas City, Missouri, a suburb of Kansas City, Missouri, a suburb of Kansas City, Missouri, a suburb of Kansas City, Missouri, a suburb of Kansas City, Missouri, a suburb of Kansas City, Missouri, a suburb of Kansas City, Missouri, a suburb of Kansas City, Missouri, a suburb of Kansas City, Missouri, a suburb of Kansas City, Missouri, a suburb of Kansas City, Missouri, a suburb of Kansas City, Missouri, a suburb of Kansas City, Missouri, a suburb of Kansas City, Missouri, a suburb of Kansas City, Missouri, a suburb of Kansas City, Missouri, a suburb of Kansas City, Missouri, a suburb of Kansas City, Missouri, a suburb of Kansas City, Missouri, a suburb of Kansas City, Missouri, a suburb of Kansas City, Missouri, a suburb of Kansas City, Missouri, a suburb of Kansas City, Missouri, a suburb of Kansas City, Missouri"," The Royals are from Kansas City, Missouri and the Royals are from Kansas City, Missouri and the Royals are from Kansas City, Missouri and the Royals are from Kansas City, Missouri and the Royals are from Kansas City, Missouri and the Royals are from Kansas City, Missouri and the Royals are from Kansas City, Missouri and the Royals are from Kansas City, Missouri and the Royals are from Kansas City, Missouri and the Royals are from Kansas City, Missouri and the Royals are from Kansas City, Missouri and the Royals are from Kansas City, Missouri and the Royals are from Kansas City, Missouri and the Royals are from Kansas City, Missouri and the Royals are from Kansas City, Missouri and the Royals are from Kansas City, Missouri and the Royals are from Kansas City, Missouri and the Royals are from Kansas City, Missouri and the Royals are from Kansas City, Missouri and the Royals are from Kansas City, Missouri and the Royals are from Kansas City, Missouri and the Royals are from Kansas City, Missouri and the Royals are from Kansas City, Missouri and the Royals are from Kansas City, Missouri and the Royals are from Kansas City, Missouri and the Royals are from Kansas City, Missouri and the Royals are from Kansas City, Missouri and the Royals are from Kansas City, Missouri and the Royals are from",1
